token_id	speaker	tu_id	unit	id	span	form	lemma	upos	xpos	feats	deprel	type	meta_label	variation	jefferson_feats	align	prolongations	pace	guesses	overlaps
0-0	TO049	0	0	0	e::h	eh	_	_	_	_	_	linguistic	_	none	_	Begin=7.265|End=8.013	0x2	_	_	_
1-0	TO049	1	1	0	no.	no	_	_	_	_	_	linguistic	_	none	Intonation=Falling	Begin=8.293|End=8.706	_	_	_	_
2-0	TO049	2	2	0	°basta.°	basta	_	_	_	_	_	linguistic	_	none	Intonation=Falling|Volume=low	Begin=8.86|End=9.331	_	_	_	_
3-0	TO049	3	3	0	prosegue.	prosegue	_	_	_	_	_	linguistic	_	none	Intonation=Falling	Begin=11.181|End=12.035	_	_	_	_
4-0	TO048	4	4	0	posso	posso	_	_	_	_	_	linguistic	_	none	_	Begin=12.108	_	_	_	_
4-1	TO048	4	4	1	fregare	fregare	_	_	_	_	_	linguistic	_	none	_	_	_	_	_	_
4-2	TO048	4	4	2	xxx	xxx	_	_	_	_	_	unknown	_	none	Syllables=3	End=13.696	_	_	_	_
5-0	TO048	5	5	0	ah	ah	_	_	_	_	_	linguistic	_	none	_	Begin=18.155	_	_	_	_
5-1	TO048	5	5	1	ti	ti	_	_	_	_	_	linguistic	_	none	_	_	_	_	_	_
5-2	TO048	5	5	2	stavo	stavo	_	_	_	_	_	linguistic	_	none	_	_	_	_	_	_
5-3	TO048	5	5	3	dicendo	dicendo	_	_	_	_	_	linguistic	_	none	_	_	_	_	_	_
5-4	TO048	5	5	4	che,	che	_	_	_	_	_	linguistic	_	none	Intonation=WeaklyRising	End=19.435	_	_	_	_
6-0	TO048	6	6	0	°(bu.)°	bu	_	_	_	_	_	linguistic	_	none	Intonation=Falling|Volume=low	Begin=20.365|End=20.858	_	_	0-2(0)	_
7-0	TO048	7	7	0	°non	non	_	_	_	_	_	linguistic	_	none	Volume=low	Begin=21.0	_	_	_	_
7-1	TO048	7	7	1	disturbiamo	disturbiamo	_	_	_	_	_	linguistic	_	none	Volume=low	_	_	_	_	_
7-2	TO048	7	7	2	xx,°	xx	_	_	_	_	_	linguistic	_	none	Intonation=WeaklyRising|Volume=low	End=22.215	_	_	_	_
8-0	TO049	8	8	0	lui	lui	_	_	_	_	_	linguistic	_	none	_	Begin=26.41	_	_	_	_
8-1	TO049	8	8	1	tipo	tipo	_	_	_	_	_	linguistic	_	none	_	_	_	_	_	_
8-2	TO049	8	8	2	diceva	diceva	_	_	_	_	_	linguistic	_	none	PauseAfter=Yes	_	_	_	_	_
8-3	TO049	8	8	3	{P}	{P}	_	_	_	_	_	shortpause	_	none	_	_	_	_	_	_
8-4	TO049	8	8	4	che	che	_	_	_	_	_	linguistic	_	none	_	_	_	_	_	_
8-5	TO049	8	8	5	appunto	appunto	_	_	_	_	_	linguistic	_	none	_	_	_	_	_	_
8-6	TO049	8	8	6	i	i	_	_	_	_	_	linguistic	_	none	_	_	_	_	_	_
8-7	TO049	8	8	7	suoi	suoi	_	_	_	_	_	linguistic	_	none	_	_	_	_	_	_
8-8	TO049	8	8	8	nonni	nonni	_	_	_	_	_	linguistic	_	none	PauseAfter=Yes	_	_	_	_	_
8-9	TO049	8	8	9	{P}	{P}	_	_	_	_	_	shortpause	_	none	_	_	_	_	_	_
8-10	TO049	8	8	10	gli	gli	_	_	_	_	_	linguistic	_	none	_	_	_	_	_	_
8-11	TO049	8	8	11	avevano	avevano	_	_	_	_	_	linguistic	_	none	_	_	_	_	_	_
8-12	TO049	8	8	12	dato	dato	_	_	_	_	_	linguistic	_	none	_	_	_	_	_	_
8-13	TO049	8	8	13	del	del	_	_	_	_	_	linguistic	_	none	_	_	_	_	_	_
8-14	TO049	8	8	14	bla	bla	_	_	_	_	_	linguistic	_	none	_	_	_	_	_	_
8-15	TO049	8	8	15	bla	bla	_	_	_	_	_	linguistic	_	none	_	_	_	_	_	_
8-16	TO049	8	8	16	bla	bla	_	_	_	_	_	linguistic	_	none	_	_	_	_	_	_
8-17	TO049	8	8	17	bla.	bla	_	_	_	_	_	linguistic	_	none	Intonation=Falling	End=30.956	_	_	_	_
9-0	TO049	9	9	0	il	il	_	_	_	_	_	linguistic	_	none	_	Begin=31.18	_	_	_	_
9-1	TO049	9	9	1	punto	punto	_	_	_	_	_	linguistic	_	none	_	_	_	_	_	_
9-2	TO049	9	9	2	è	è	_	_	_	_	_	linguistic	_	none	_	_	_	_	_	_
9-3	TO049	9	9	3	che	che	_	_	_	_	_	linguistic	_	none	_	_	_	_	_	_
9-4	TO049	9	9	4	lui	lui	_	_	_	_	_	linguistic	_	none	_	_	_	_	_	_
9-5	TO049	9	9	5	ha	ha	_	_	_	_	_	linguistic	_	none	_	_	_	_	_	_
9-6	TO049	9	9	6	un	un	_	_	_	_	_	linguistic	_	none	_	_	_	_	_	_
9-7	TO049	9	9	7	rapporto	rapporto	_	_	_	_	_	linguistic	_	none	_	_	_	_	_	_
9-8	TO049	9	9	8	bellissimo	bellissimo	_	_	_	_	_	linguistic	_	none	_	_	_	_	_	_
9-9	TO049	9	9	9	con	con	_	_	_	_	_	linguistic	_	none	_	_	_	_	_	_
9-10	TO049	9	9	10	i	i	_	_	_	_	_	linguistic	_	none	_	_	_	_	_	_
9-11	TO049	9	9	11	suoi	suoi	_	_	_	_	_	linguistic	_	none	_	_	_	_	_	_
9-12	TO049	9	9	12	nonni,	nonni	_	_	_	_	_	linguistic	_	none	Intonation=WeaklyRising	End=33.585	_	_	_	_
10-0	TO049	10	10	0	quindi	quindi	_	_	_	_	_	linguistic	_	none	_	Begin=33.879	_	_	_	_
10-1	TO049	10	10	1	normalmente	normalmente	_	_	_	_	_	linguistic	_	none	_	_	_	_	_	_
10-2	TO049	10	10	2	lui	lui	_	_	_	_	_	linguistic	_	none	_	_	_	_	_	_
10-3	TO049	10	10	3	si	si	_	_	_	_	_	linguistic	_	none	_	_	_	_	_	_
10-4	TO049	10	10	4	confida	confida	_	_	_	_	_	linguistic	_	none	_	_	_	_	_	_
10-5	TO049	10	10	5	con	con	_	_	_	_	_	linguistic	_	none	_	_	_	_	_	_
10-6	TO049	10	10	6	sua	sua	_	_	_	_	_	linguistic	_	none	_	_	_	_	_	_
10-7	TO049	10	10	7	nonna,	nonna	_	_	_	_	_	linguistic	_	none	Intonation=WeaklyRising	End=36.297	_	_	_	_
11-0	TO049	11	11	0	perciò	perciò	_	_	_	_	_	linguistic	_	none	_	Begin=36.981	_	_	_	_
11-1	TO049	11	11	1	lui	lui	_	_	_	_	_	linguistic	_	none	_	_	_	_	_	_
11-2	TO049	11	11	2	non	non	_	_	_	_	_	linguistic	_	none	_	_	_	_	_	_
11-3	TO049	11	11	3	si	si	_	_	_	_	_	linguistic	_	none	_	_	_	_	_	_
11-4	TO049	11	11	4	aspettava	aspettava	_	_	_	_	_	linguistic	_	none	_	_	_	_	_	_
11-5	TO049	11	11	5	che	che	_	_	_	_	_	linguistic	_	none	_	_	_	_	_	_
11-6	TO049	11	11	6	proprio	proprio	_	_	_	_	_	linguistic	_	none	_	_	_	_	_	_
11-7	TO049	11	11	7	sua	sua	_	_	_	_	_	linguistic	_	none	_	_	_	_	_	_
11-8	TO049	11	11	8	nonna	nonna	_	_	_	_	_	linguistic	_	none	PauseAfter=Yes	_	_	_	_	_
11-9	TO049	11	11	9	{P}	{P}	_	_	_	_	_	shortpause	_	none	_	_	_	_	_	_
11-10	TO049	11	11	10	gli	gli	_	_	_	_	_	linguistic	_	none	_	_	_	_	_	_
11-11	TO049	11	11	11	muovesse	muovesse	_	_	_	_	_	linguistic	_	none	_	_	_	_	_	_
11-12	TO049	11	11	12	questa	questa	_	_	_	_	_	linguistic	_	none	_	_	_	_	_	_
11-13	TO049	11	11	13	critica	critica	_	_	_	_	_	linguistic	_	none	_	_	_	_	_	_
11-14	TO049	11	11	14	perché,	perché	_	_	_	_	_	linguistic	_	none	Intonation=WeaklyRising	End=41.495	_	_	_	_
12-0	TO050	12	12	0	eh	eh	_	_	_	_	_	linguistic	_	none	_	Begin=41.495	_	_	_	_
12-1	TO050	12	12	1	esat[to	esatto	_	_	_	_	_	linguistic	_	none	_	_	_	_	_	4-6(3)
12-2	TO050	12	12	2	infatti]	infatti	_	_	_	_	_	linguistic	_	none	_	_	_	_	_	0-7(3)
12-3	TO050	12	12	3	questo	questo	_	_	_	_	_	linguistic	_	none	_	_	_	_	_	_
12-4	TO050	12	12	4	s[econdo	secondo	_	_	_	_	_	linguistic	_	none	_	_	_	_	_	1-7(4)
12-5	TO050	12	12	5	me]	me	_	_	_	_	_	linguistic	_	none	_	_	_	_	_	0-2(4)
12-6	TO050	12	12	6	è	è	_	_	_	_	_	linguistic	_	none	_	_	_	_	_	_
12-7	TO050	12	12	7	l'	l'	_	_	_	_	_	linguistic	_	none	SpaceAfter=No	_	_	_	_	_
12-8	TO050	12	12	8	atteggiamento	atteggiamento	_	_	_	_	_	linguistic	_	none	_	_	_	_	_	_
12-9	TO050	12	12	9	che	che	_	_	_	_	_	linguistic	_	none	_	_	_	_	_	_
12-10	TO050	12	12	10	avevo::,	avevo	_	_	_	_	_	linguistic	_	none	Intonation=WeaklyRising	End=44.698	4x2	_	_	_
13-0	TO049	13	13	0	[perché],	perché	_	_	_	_	_	linguistic	_	none	Intonation=WeaklyRising	Begin=41.95|End=42.371	_	_	_	0-6(3)
14-0	TO049	14	14	0	[ecco].	ecco	_	_	_	_	_	linguistic	_	none	Intonation=Falling	Begin=42.62|End=43.063	_	_	_	0-4(4)
15-0	TO050	15	15	0	x[xxxx]	xxxxx	_	_	_	_	_	unknown	_	none	Syllables=5	Begin=44.738|End=46.191	_	_	_	1-5(5)
16-0	TO049	16	16	0	[perché	perché	_	_	_	_	_	linguistic	_	none	_	Begin=44.828	_	_	_	0-6(5)
16-1	TO049	16	16	1	lui	lui	_	_	_	_	_	linguistic	_	none	_	_	_	_	_	0-3(5)
16-2	TO049	16	16	2	quandera	quandera	_	_	_	_	_	linguistic	_	none	_	_	_	_	_	0-8(5)
16-3	TO049	16	16	3	piccolo]	piccolo	_	_	_	_	_	linguistic	_	none	_	_	_	_	_	0-7(5)
16-4	TO049	16	16	4	diceva	diceva	_	_	_	_	_	linguistic	_	none	_	_	_	_	_	_
16-5	TO049	16	16	5	sempre	sempre	_	_	_	_	_	linguistic	_	none	_	_	_	_	_	_
16-6	TO049	16	16	6	a	a	_	_	_	_	_	linguistic	_	none	_	_	_	_	_	_
16-7	TO049	16	16	7	sua	sua	_	_	_	_	_	linguistic	_	none	_	_	_	_	_	_
16-8	TO049	16	16	8	nonna,	nonna	_	_	_	_	_	linguistic	_	none	Intonation=WeaklyRising	End=48.081	_	_	_	_
17-0	TO049	17	17	0	che	che	_	_	_	_	_	linguistic	_	none	_	Begin=48.233	_	_	_	_
17-1	TO049	17	17	1	si	si	_	_	_	_	_	linguistic	_	none	_	_	_	_	_	_
17-2	TO049	17	17	2	sentiva	sentiva	_	_	_	_	_	linguistic	_	none	_	_	_	_	_	_
17-3	TO049	17	17	3	in	in	_	_	_	_	_	linguistic	_	none	_	_	_	_	_	_
17-4	TO049	17	17	4	difetto	difetto	_	_	_	_	_	linguistic	_	none	_	_	_	_	_	_
17-5	TO049	17	17	5	su	su	_	_	_	_	_	linguistic	_	none	_	_	_	_	_	_
17-6	TO049	17	17	6	questo	questo	_	_	_	_	_	linguistic	_	none	_	_	_	_	_	_
17-7	TO049	17	17	7	argomento.	argomento	_	_	_	_	_	linguistic	_	none	Intonation=Falling	End=50.631	_	_	_	_
18-0	TO049	18	18	0	cioè	cioè	_	_	_	_	_	linguistic	_	none	_	Begin=50.86	_	_	_	_
18-1	TO049	18	18	1	diceva	diceva	_	_	_	_	_	linguistic	_	none	_	_	_	_	_	_
18-2	TO049	18	18	2	sempre	sempre	_	_	_	_	_	linguistic	_	none	_	_	_	_	_	_
18-3	TO049	18	18	3	che	che	_	_	_	_	_	linguistic	_	none	_	_	_	_	_	_
18-4	TO049	18	18	4	si	si	_	_	_	_	_	linguistic	_	none	_	_	_	_	_	_
18-5	TO049	18	18	5	sentiva,	sentiva	_	_	_	_	_	linguistic	_	none	Intonation=WeaklyRising	End=52.433	_	_	_	_
19-0	TO050	19	19	0	come	come	_	_	_	_	_	linguistic	_	none	_	Begin=54.58	_	_	_	_
19-1	TO050	19	19	1	se	se	_	_	_	_	_	linguistic	_	none	_	_	_	_	_	_
19-2	TO050	19	19	2	appariss[e::	apparisse	_	_	_	_	_	linguistic	_	none	_	_	8x2	_	_	8-9(6)
19-3	TO050	19	19	3	<saputello	saputello	_	_	_	_	_	linguistic	_	none	_	_	_	Slow=0-9(0)	_	0-9(6)
19-4	TO050	19	19	4	saccente>],	saccente	_	_	_	_	_	linguistic	_	none	Intonation=WeaklyRising	End=57.403	_	Slow=0-8(0)	_	0-8(6)
20-0	TO049	20	20	0	[come	come	_	_	_	_	_	linguistic	_	none	_	Begin=55.618	_	_	_	0-4(6)
20-1	TO049	20	20	1	si	si	_	_	_	_	_	linguistic	_	none	_	_	_	_	_	0-2(6)
20-2	TO049	20	20	2	apparisse	apparisse	_	_	_	_	_	linguistic	_	none	_	_	_	_	_	0-9(6)
20-3	TO049	20	20	3	più	più	_	_	_	_	_	linguistic	_	none	_	_	_	_	_	0-3(6)
20-4	TO049	20	20	4	saccente	saccente	_	_	_	_	_	linguistic	_	none	_	_	_	_	_	0-8(6)
20-5	TO049	20	20	5	di	di	_	_	_	_	_	linguistic	_	none	_	_	_	_	_	0-2(6)
20-6	TO049	20	20	6	qu]ello	quello	_	_	_	_	_	linguistic	_	none	_	_	_	_	_	0-2(6)
20-7	TO049	20	20	7	che	che	_	_	_	_	_	linguistic	_	none	_	_	_	_	_	_
20-8	TO049	20	20	8	è.	è	_	_	_	_	_	linguistic	_	none	Intonation=Falling	End=57.944	_	_	_	_
21-0	TO049	21	21	0	la	la	_	_	_	_	_	linguistic	_	none	_	Begin=58.013	_	_	_	_
21-1	TO049	21	21	1	verità	verità	_	_	_	_	_	linguistic	_	none	_	_	_	_	_	_
21-2	TO049	21	21	2	è	è	_	_	_	_	_	linguistic	_	none	_	_	_	_	_	_
21-3	TO049	21	21	3	che	che	_	_	_	_	_	linguistic	_	none	_	_	_	_	_	_
21-4	TO049	21	21	4	lui	lui	_	_	_	_	_	linguistic	_	none	_	_	_	_	_	_
21-5	TO049	21	21	5	è	è	_	_	_	_	_	linguistic	_	none	_	_	_	_	_	_
21-6	TO049	21	21	6	una	una	_	_	_	_	_	linguistic	_	none	_	_	_	_	_	_
21-7	TO049	21	21	7	persona	persona	_	_	_	_	_	linguistic	_	none	_	_	_	_	_	_
21-8	TO049	21	21	8	<era>	era	_	_	_	_	_	linguistic	_	none	_	_	_	Slow=0-3(0)	_	_
21-9	TO049	21	21	9	una	una	_	_	_	_	_	linguistic	_	none	_	_	_	_	_	_
21-10	TO049	21	21	10	persona	persona	_	_	_	_	_	linguistic	_	none	_	_	_	_	_	_
21-11	TO049	21	21	11	molto	molto	_	_	_	_	_	linguistic	_	none	_	_	_	_	_	_
21-12	TO049	21	21	12	insicura.	insicura	_	_	_	_	_	linguistic	_	none	Intonation=Falling	End=61.555	_	_	_	_
22-0	TO050	22	22	0	sì.	sì	_	_	_	_	_	linguistic	_	none	Intonation=Falling	Begin=62.325|End=62.601	_	_	_	_
23-0	TO049	23	23	0	e,	e	_	_	_	_	_	linguistic	_	none	Intonation=WeaklyRising	Begin=62.763|End=63.056	_	_	_	_
24-0	TO050	24	24	0	come	come	_	_	_	_	_	linguistic	_	none	_	Begin=63.463	_	_	_	_
24-1	TO050	24	24	1	giustamente	giustamente	_	_	_	_	_	linguistic	_	none	_	_	_	_	_	_
24-2	TO050	24	24	2	h[o	ho	_	_	_	_	_	linguistic	_	none	_	_	_	_	_	1-2(7)
24-3	TO050	24	24	3	xx],	xx	_	_	_	_	_	linguistic	_	none	Intonation=WeaklyRising	End=64.76	_	_	_	0-2(7)
25-0	TO049	25	25	0	[quello	quello	_	_	_	_	_	linguistic	_	none	_	Begin=64.063	_	_	_	0-6(7)
25-1	TO049	25	25	1	che	che	_	_	_	_	_	linguistic	_	none	_	_	_	_	_	0-3(7)
25-2	TO049	25	25	2	io	io	_	_	_	_	_	linguistic	_	none	_	_	_	_	_	0-2(7)
25-3	TO049	25	25	3	ho	ho	_	_	_	_	_	linguistic	_	none	_	_	_	_	_	0-2(7)
25-4	TO049	25	25	4	det~]	det~	_	_	_	_	_	linguistic	_	none	Interrupted=Yes	_	_	_	_	0-4(7)
25-5	TO049	25	25	5	eh	eh	_	_	_	_	_	linguistic	_	none	_	_	_	_	_	_
25-6	TO049	25	25	6	quello	quello	_	_	_	_	_	linguistic	_	none	_	_	_	_	_	_
25-7	TO049	25	25	7	che	che	_	_	_	_	_	linguistic	_	none	_	_	_	_	_	_
25-8	TO049	25	25	8	io	io	_	_	_	_	_	linguistic	_	none	_	_	_	_	_	_
25-9	TO049	25	25	9	dicevo	dicevo	_	_	_	_	_	linguistic	_	none	_	_	_	_	_	_
25-10	TO049	25	25	10	a	a	_	_	_	_	_	linguistic	_	none	_	_	_	_	_	_
25-11	TO049	25	25	11	lui	lui	_	_	_	_	_	linguistic	_	none	_	_	_	_	_	_
25-12	TO049	25	25	12	poi	poi	_	_	_	_	_	linguistic	_	none	_	_	_	_	_	_
25-13	TO049	25	25	13	[cita:ndo	citando	_	_	_	_	_	linguistic	_	none	_	_	3x1	_	_	0-7(8)
25-14	TO049	25	25	14	te	te	_	_	_	_	_	linguistic	_	none	_	_	_	_	_	0-2(8)
25-15	TO049	25	25	15	nel	nel	_	_	_	_	_	linguistic	_	none	_	_	_	_	_	0-3(8)
25-16	TO049	25	25	16	senso	senso	_	_	_	_	_	linguistic	_	none	_	_	_	_	_	0-5(8)
25-17	TO049	25	25	17	face]ndo	facendo	_	_	_	_	_	linguistic	_	none	_	_	_	_	_	0-4(8)
25-18	TO049	25	25	18	un,	un	_	_	_	_	_	linguistic	_	none	Intonation=WeaklyRising	End=69.172	_	_	_	_
26-0	TO050	26	26	0	[si	si	_	_	_	_	_	linguistic	_	none	_	Begin=66.54	_	_	_	0-2(8)
26-1	TO050	26	26	1	fa	fa	_	_	_	_	_	linguistic	_	none	_	_	_	_	_	0-2(8)
26-2	TO050	26	26	2	psicologia	psicologia	_	_	_	_	_	linguistic	_	none	_	_	_	_	_	0-10(8)
26-3	TO050	26	26	3	spicciola].	spicciola	_	_	_	_	_	linguistic	_	none	Intonation=Falling	End=68.158	_	_	_	0-9(8)
27-0	TO049	27	27	0	un	un	_	_	_	_	_	linguistic	_	none	_	Begin=70.021	_	_	_	_
27-1	TO049	27	27	1	paragone	paragone	_	_	_	_	_	linguistic	_	none	_	_	_	_	_	_
27-2	TO049	27	27	2	con	con	_	_	_	_	_	linguistic	_	none	_	_	_	_	_	_
27-3	TO049	27	27	3	te	te	_	_	_	_	_	linguistic	_	none	_	_	_	_	_	_
27-4	TO049	27	27	4	per	per	_	_	_	_	_	linguistic	_	none	_	_	_	_	_	_
27-5	TO049	27	27	5	certe	certe	_	_	_	_	_	linguistic	_	none	_	_	_	_	_	_
27-6	TO049	27	27	6	cose.	cose	_	_	_	_	_	linguistic	_	none	Intonation=Falling	End=71.99	_	_	_	_
28-0	TO049	28	28	0	dicevo	dicevo	_	_	_	_	_	linguistic	_	none	_	Begin=72.37	_	_	_	_
28-1	TO049	28	28	1	che	che	_	_	_	_	_	linguistic	_	none	_	_	_	_	_	_
28-2	TO049	28	28	2	secondo	secondo	_	_	_	_	_	linguistic	_	none	_	_	_	_	_	_
28-3	TO049	28	28	3	me:	me	_	_	_	_	_	linguistic	_	none	_	_	1x1	_	_	_
28-4	TO049	28	28	4	vabbè	vabbè	_	_	_	_	_	linguistic	_	none	_	_	_	_	_	_
28-5	TO049	28	28	5	a	a	_	_	_	_	_	linguistic	_	none	_	_	_	_	_	_
28-6	TO049	28	28	6	parte	parte	_	_	_	_	_	linguistic	_	none	_	_	_	_	_	_
28-7	TO049	28	28	7	analizzare	analizzare	_	_	_	_	_	linguistic	_	none	_	_	_	_	_	_
28-8	TO049	28	28	8	tutta	tutta	_	_	_	_	_	linguistic	_	none	_	_	_	_	_	_
28-9	TO049	28	28	9	la	la	_	_	_	_	_	linguistic	_	none	_	_	_	_	_	_
28-10	TO049	28	28	10	cosa	cosa	_	_	_	_	_	linguistic	_	none	_	_	_	_	_	_
28-11	TO049	28	28	11	di	di	_	_	_	_	_	linguistic	_	none	_	_	_	_	_	_
28-12	TO049	28	28	12	sua	sua	_	_	_	_	_	linguistic	_	none	_	_	_	_	_	_
28-13	TO049	28	28	13	nonna	nonna	_	_	_	_	_	linguistic	_	none	_	_	_	_	_	_
28-14	TO049	28	28	14	perché	perché	_	_	_	_	_	linguistic	_	none	_	_	_	_	_	_
28-15	TO049	28	28	15	poi	poi	_	_	_	_	_	linguistic	_	none	_	_	_	_	_	_
28-16	TO049	28	28	16	perché	perché	_	_	_	_	_	linguistic	_	none	_	_	_	_	_	_
28-17	TO049	28	28	17	non	non	_	_	_	_	_	linguistic	_	none	_	_	_	_	_	_
28-18	TO049	28	28	18	ne	ne	_	_	_	_	_	linguistic	_	none	_	_	_	_	_	_
28-19	TO049	28	28	19	parli	parli	_	_	_	_	_	linguistic	_	none	_	_	_	_	_	_
28-20	TO049	28	28	20	con	con	_	_	_	_	_	linguistic	_	none	_	_	_	_	_	_
28-21	TO049	28	28	21	tua	tua	_	_	_	_	_	linguistic	_	none	_	_	_	_	_	_
28-22	TO049	28	28	22	nonna	nonna	_	_	_	_	_	linguistic	_	none	_	_	_	_	_	_
28-23	TO049	28	28	23	mi	mi	_	_	_	_	_	linguistic	_	none	_	_	_	_	_	_
28-24	TO049	28	28	24	ha	ha	_	_	_	_	_	linguistic	_	none	_	_	_	_	_	_
28-25	TO049	28	28	25	detto	detto	_	_	_	_	_	linguistic	_	none	_	_	_	_	_	_
28-26	TO049	28	28	26	perché	perché	_	_	_	_	_	linguistic	_	none	_	_	_	_	_	_
28-27	TO049	28	28	27	sono	sono	_	_	_	_	_	linguistic	_	none	_	_	_	_	_	_
28-28	TO049	28	28	28	inglese:	inglese	_	_	_	_	_	linguistic	_	none	_	_	6x1	_	_	_
28-29	TO049	28	28	29	infatti	infatti	_	_	_	_	_	linguistic	_	none	_	_	_	_	_	_
28-30	TO049	28	28	30	(mica)	mica	_	_	_	_	_	linguistic	_	none	_	_	_	_	0-4(0)	_
28-31	TO049	28	28	31	{ride}	{ride}	_	_	_	_	_	nonverbalbehavior	_	none	_	End=80.511	_	_	_	_
29-0	TO050	29	29	0	{ride}	{ride}	_	_	_	_	_	nonverbalbehavior	_	none	_	Begin=80.511	_	_	_	_
29-1	TO050	29	29	1	allora	allora	_	_	_	_	_	linguistic	_	none	_	_	_	_	_	_
29-2	TO050	29	29	2	ci	ci	_	_	_	_	_	linguistic	_	none	_	_	_	_	_	_
29-3	TO050	29	29	3	ho	ho	_	_	_	_	_	linguistic	_	none	_	_	_	_	_	_
29-4	TO050	29	29	4	azzeccato.	azzeccato	_	_	_	_	_	linguistic	_	none	Intonation=Falling	End=81.735	_	_	_	_
30-0	TO049	30	30	0	>e	e	_	_	_	_	_	linguistic	_	none	_	Begin=81.743	_	Fast=0-1(0)	_	_
30-1	TO049	30	30	1	quindi	quindi	_	_	_	_	_	linguistic	_	none	_	_	_	Fast=0-6(0)	_	_
30-2	TO049	30	30	2	(perché)	perché	_	_	_	_	_	linguistic	_	none	_	_	_	Fast=0-6(0)	0-6(0)	_
30-3	TO049	30	30	3	inglese	inglese	_	_	_	_	_	linguistic	_	none	_	_	_	Fast=0-7(0)	_	_
30-4	TO049	30	30	4	non	non	_	_	_	_	_	linguistic	_	none	_	_	_	Fast=0-3(0)	_	_
30-5	TO049	30	30	5	ne	ne	_	_	_	_	_	linguistic	_	none	_	_	_	Fast=0-2(0)	_	_
30-6	TO049	30	30	6	parla	parla	_	_	_	_	_	linguistic	_	none	_	_	_	Fast=0-5(0)	_	_
30-7	TO049	30	30	7	mai	mai	_	_	_	_	_	linguistic	_	none	_	_	_	Fast=0-3(0)	_	_
30-8	TO049	30	30	8	esplicitamente<,	esplicitamente	_	_	_	_	_	linguistic	_	none	Intonation=WeaklyRising	End=84.571	_	Fast=0-14(0)	_	_
31-0	TO049	31	31	0	ma	ma	_	_	_	_	_	linguistic	_	none	_	Begin=84.646	_	_	_	_
31-1	TO049	31	31	1	parte	parte	_	_	_	_	_	linguistic	_	none	_	_	_	_	_	_
31-2	TO049	31	31	2	questo,	questo	_	_	_	_	_	linguistic	_	none	Intonation=WeaklyRising	End=85.468	_	_	_	_
32-0	TO049	32	32	0	(ma,)	ma	_	_	_	_	_	linguistic	_	none	Intonation=WeaklyRising	Begin=86.26|End=86.43	_	_	0-2(0)	_
33-0	TO049	33	33	0	il	il	_	_	_	_	_	linguistic	_	none	_	Begin=86.466	_	_	_	_
33-1	TO049	33	33	1	suo	suo	_	_	_	_	_	linguistic	_	none	_	_	_	_	_	_
33-2	TO049	33	33	2	discorso	discorso	_	_	_	_	_	linguistic	_	none	_	_	_	_	_	_
33-3	TO049	33	33	3	era	era	_	_	_	_	_	linguistic	_	none	_	_	_	_	_	_
33-4	TO049	33	33	4	non	non	_	_	_	_	_	linguistic	_	none	_	_	_	_	_	_
33-5	TO049	33	33	5	ne	ne	_	_	_	_	_	linguistic	_	none	_	_	_	_	_	_
33-6	TO049	33	33	6	parlo	parlo	_	_	_	_	_	linguistic	_	none	_	_	_	_	_	_
33-7	TO049	33	33	7	con	con	_	_	_	_	_	linguistic	_	none	_	_	_	_	_	_
33-8	TO049	33	33	8	mia	mia	_	_	_	_	_	linguistic	_	none	_	_	_	_	_	_
33-9	TO049	33	33	9	nonna	nonna	_	_	_	_	_	linguistic	_	none	_	_	_	_	_	_
33-10	TO049	33	33	10	perché	perché	_	_	_	_	_	linguistic	_	none	_	_	_	_	_	_
33-11	TO049	33	33	11	mia	mia	_	_	_	_	_	linguistic	_	none	_	_	_	_	_	_
33-12	TO049	33	33	12	nonna	nonna	_	_	_	_	_	linguistic	_	none	_	_	_	_	_	_
33-13	TO049	33	33	13	lo	lo	_	_	_	_	_	linguistic	_	none	_	_	_	_	_	_
33-14	TO049	33	33	14	ha	ha	_	_	_	_	_	linguistic	_	none	_	_	_	_	_	_
33-15	TO049	33	33	15	detto	detto	_	_	_	_	_	linguistic	_	none	_	_	_	_	_	_
33-16	TO049	33	33	16	a	a	_	_	_	_	_	linguistic	_	none	_	_	_	_	_	_
33-17	TO049	33	33	17	mio	mio	_	_	_	_	_	linguistic	_	none	_	_	_	_	_	_
33-18	TO049	33	33	18	padre,	padre	_	_	_	_	_	linguistic	_	none	Intonation=WeaklyRising	End=90.401	_	_	_	_
34-0	TO049	34	34	0	e	e	_	_	_	_	_	linguistic	_	none	_	Begin=90.576	_	_	_	_
34-1	TO049	34	34	1	probabilmente	probabilmente	_	_	_	_	_	linguistic	_	none	_	_	_	_	_	_
34-2	TO049	34	34	2	io	io	_	_	_	_	_	linguistic	_	none	_	_	_	_	_	_
34-3	TO049	34	34	3	non	non	_	_	_	_	_	linguistic	_	none	_	_	_	_	_	_
34-4	TO049	34	34	4	avrei	avrei	_	_	_	_	_	linguistic	_	none	_	_	_	_	_	_
34-5	TO049	34	34	5	neanche	neanche	_	_	_	_	_	linguistic	_	none	_	_	_	_	_	_
34-6	TO049	34	34	6	dovuto	dovuto	_	_	_	_	_	linguistic	_	none	_	_	_	_	_	_
34-7	TO049	34	34	7	saperlo,	saperlo	_	_	_	_	_	linguistic	_	none	Intonation=WeaklyRising	End=93.117	_	_	_	_
35-0	TO049	35	35	0	quindi	quindi	_	_	_	_	_	linguistic	_	none	_	Begin=94.256	_	_	_	_
35-1	TO049	35	35	1	sarebbe	sarebbe	_	_	_	_	_	linguistic	_	none	_	_	_	_	_	_
35-2	TO049	35	35	2	sconveniente	sconveniente	_	_	_	_	_	linguistic	_	none	_	_	_	_	_	_
35-3	TO049	35	35	3	se	se	_	_	_	_	_	linguistic	_	none	_	_	_	_	_	_
35-4	TO049	35	35	4	mia	mia	_	_	_	_	_	linguistic	_	none	_	_	_	_	_	_
35-5	TO049	35	35	5	nonna	nonna	_	_	_	_	_	linguistic	_	none	_	_	_	_	_	_
35-6	TO049	35	35	6	me	me	_	_	_	_	_	linguistic	_	none	_	_	_	_	_	_
35-7	TO049	35	35	7	lavesse	lavesse	_	_	_	_	_	linguistic	_	none	_	_	_	_	_	_
35-8	TO049	35	35	8	detto	detto	_	_	_	_	_	linguistic	_	none	_	_	_	_	_	_
35-9	TO049	35	35	9	apertamente	apertamente	_	_	_	_	_	linguistic	_	none	_	_	_	_	_	_
35-10	TO049	35	35	10	magari	magari	_	_	_	_	_	linguistic	_	none	_	_	_	_	_	_
35-11	TO049	35	35	11	avremmo	avremmo	_	_	_	_	_	linguistic	_	none	_	_	_	_	_	_
35-12	TO049	35	35	12	intavolato	intavolato	_	_	_	_	_	linguistic	_	none	_	_	_	_	_	_
35-13	TO049	35	35	13	la	la	_	_	_	_	_	linguistic	_	none	_	_	_	_	_	_
35-14	TO049	35	35	14	disccussione	disccussione	_	_	_	_	_	linguistic	_	none	_	_	_	_	_	_
35-15	TO049	35	35	15	allora	allora	_	_	_	_	_	linguistic	_	none	_	_	_	_	_	_
35-16	TO049	35	35	16	sì	sì	_	_	_	_	_	linguistic	_	none	_	_	_	_	_	_
35-17	TO049	35	35	17	ma	ma	_	_	_	_	_	linguistic	_	none	_	_	_	_	_	_
35-18	TO049	35	35	18	nel	nel	_	_	_	_	_	linguistic	_	none	_	_	_	_	_	_
35-19	TO049	35	35	19	caso	caso	_	_	_	_	_	linguistic	_	none	_	_	_	_	_	_
35-20	TO049	35	35	20	in	in	_	_	_	_	_	linguistic	_	none	_	_	_	_	_	_
35-21	TO049	35	35	21	cui	cui	_	_	_	_	_	linguistic	_	none	_	_	_	_	_	_
35-22	TO049	35	35	22	ci	ci	_	_	_	_	_	linguistic	_	none	_	_	_	_	_	_
35-23	TO049	35	35	23	ha	ha	_	_	_	_	_	linguistic	_	none	_	_	_	_	_	_
35-24	TO049	35	35	24	messo	messo	_	_	_	_	_	linguistic	_	none	_	_	_	_	_	_
35-25	TO049	35	35	25	di	di	_	_	_	_	_	linguistic	_	none	_	_	_	_	_	_
35-26	TO049	35	35	26	mezzo	mezzo	_	_	_	_	_	linguistic	_	none	_	_	_	_	_	_
35-27	TO049	35	35	27	un,	un	_	_	_	_	_	linguistic	_	none	Intonation=WeaklyRising	End=102.082	_	_	_	_
36-0	TO049	36	36	0	tipo	tipo	_	_	_	_	_	linguistic	_	none	_	Begin=103.193	_	_	_	_
36-1	TO049	36	36	1	un	un	_	_	_	_	_	linguistic	_	none	_	_	_	_	_	_
36-2	TO049	36	36	2	intermediario	intermediario	_	_	_	_	_	linguistic	_	none	_	_	_	_	_	_
36-3	TO049	36	36	3	non	non	_	_	_	_	_	linguistic	_	none	_	_	_	_	_	_
36-4	TO049	36	36	4	mi	mi	_	_	_	_	_	linguistic	_	none	_	_	_	_	_	_
36-5	TO049	36	36	5	sembrava	sembrava	_	_	_	_	_	linguistic	_	none	_	_	_	_	_	_
36-6	TO049	36	36	6	il	il	_	_	_	_	_	linguistic	_	none	_	_	_	_	_	_
36-7	TO049	36	36	7	caso.	caso	_	_	_	_	_	linguistic	_	none	Intonation=Falling	End=105.386	_	_	_	_
37-0	TO049	37	37	0	eh,	eh	_	_	_	_	_	linguistic	_	none	Intonation=WeaklyRising	Begin=106.805|End=107.15	_	_	_	_
38-0	TO049	38	38	0	e	e	_	_	_	_	_	linguistic	_	none	_	Begin=107.611	_	_	_	_
38-1	TO049	38	38	1	io	io	_	_	_	_	_	linguistic	_	none	_	_	_	_	_	_
38-2	TO049	38	38	2	gli	gli	_	_	_	_	_	linguistic	_	none	_	_	_	_	_	_
38-3	TO049	38	38	3	dicevo	dicevo	_	_	_	_	_	linguistic	_	none	_	_	_	_	_	_
38-4	TO049	38	38	4	che	che	_	_	_	_	_	linguistic	_	none	_	_	_	_	_	_
38-5	TO049	38	38	5	secondo	secondo	_	_	_	_	_	linguistic	_	none	_	_	_	_	_	_
38-6	TO049	38	38	6	me	me	_	_	_	_	_	linguistic	_	none	PauseAfter=Yes	_	_	_	_	_
38-7	TO049	38	38	7	{P}	{P}	_	_	_	_	_	shortpause	_	none	_	_	_	_	_	_
38-8	TO049	38	38	8	era	era	_	_	_	_	_	linguistic	_	none	_	_	_	_	_	_
38-9	TO049	38	38	9	normale,	normale	_	_	_	_	_	linguistic	_	none	Intonation=WeaklyRising	End=109.903	_	_	_	_
39-0	TO049	39	39	0	cioè	cioè	_	_	_	_	_	linguistic	_	none	PauseAfter=Yes	Begin=111.053	_	_	_	_
39-1	TO049	39	39	1	{P}	{P}	_	_	_	_	_	shortpause	_	none	_	_	_	_	_	_
39-2	TO049	39	39	2	e	e	_	_	_	_	_	linguistic	_	none	_	_	_	_	_	_
39-3	TO049	39	39	3	io	io	_	_	_	_	_	linguistic	_	none	_	_	_	_	_	_
39-4	TO049	39	39	4	capivo	capivo	_	_	_	_	_	linguistic	_	none	_	_	_	_	_	_
39-5	TO049	39	39	5	un	un	_	_	_	_	_	linguistic	_	none	_	_	_	_	_	_
39-6	TO049	39	39	6	po	po	_	_	_	_	_	linguistic	_	none	_	_	_	_	_	_
39-7	TO049	39	39	7	il	il	_	_	_	_	_	linguistic	_	none	_	_	_	_	_	_
39-8	TO049	39	39	8	sentimento	sentimento	_	_	_	_	_	linguistic	_	none	_	_	_	_	_	_
39-9	TO049	39	39	9	che	che	_	_	_	_	_	linguistic	_	none	_	_	_	_	_	_
39-10	TO049	39	39	10	lui	lui	_	_	_	_	_	linguistic	_	none	_	_	_	_	_	_
39-11	TO049	39	39	11	provava	provava	_	_	_	_	_	linguistic	_	none	_	_	_	_	_	_
39-12	TO049	39	39	12	in	in	_	_	_	_	_	linguistic	_	none	_	_	_	_	_	_
39-13	TO049	39	39	13	questa	questa	_	_	_	_	_	linguistic	_	none	_	_	_	_	_	_
39-14	TO049	39	39	14	cosa	cosa	_	_	_	_	_	linguistic	_	none	_	_	_	_	_	_
39-15	TO049	39	39	15	perché,	perché	_	_	_	_	_	linguistic	_	none	Intonation=WeaklyRising	End=114.876	_	_	_	_
40-0	TO049	40	40	0	lui	lui	_	_	_	_	_	linguistic	_	none	_	Begin=116.356	_	_	_	_
40-1	TO049	40	40	1	era	era	_	_	_	_	_	linguistic	_	none	_	_	_	_	_	_
40-2	TO049	40	40	2	super	super	_	_	_	_	_	linguistic	_	none	_	_	_	_	_	_
40-3	TO049	40	40	3	insicuro.	insicuro	_	_	_	_	_	linguistic	_	none	Intonation=Falling	End=117.688	_	_	_	_
41-0	TO049	41	41	0	ed	ed	_	_	_	_	_	linguistic	_	none	_	Begin=118.56	_	_	_	_
41-1	TO049	41	41	1	è	è	_	_	_	_	_	linguistic	_	none	_	_	_	_	_	_
41-2	TO049	41	41	2	diventato	diventato	_	_	_	_	_	linguistic	_	none	_	_	_	_	_	_
41-3	TO049	41	41	3	una	una	_	_	_	_	_	linguistic	_	none	_	_	_	_	_	_
41-4	TO049	41	41	4	persona	persona	_	_	_	_	_	linguistic	_	none	_	_	_	_	_	_
41-5	TO049	41	41	5	che	che	_	_	_	_	_	linguistic	_	none	_	_	_	_	_	_
41-6	TO049	41	41	6	ha	ha	_	_	_	_	_	linguistic	_	none	_	_	_	_	_	_
41-7	TO049	41	41	7	cercato	cercato	_	_	_	_	_	linguistic	_	none	_	_	_	_	_	_
41-8	TO049	41	41	8	di	di	_	_	_	_	_	linguistic	_	none	_	_	_	_	_	_
41-9	TO049	41	41	9	punti	punti	_	_	_	_	_	linguistic	_	none	_	_	_	_	_	_
41-10	TO049	41	41	10	di	di	_	_	_	_	_	linguistic	_	none	_	_	_	_	_	_
41-11	TO049	41	41	11	sicurezza	sicurezza	_	_	_	_	_	linguistic	_	none	_	_	_	_	_	_
41-12	TO049	41	41	12	da	da	_	_	_	_	_	linguistic	_	none	_	_	_	_	_	_
41-13	TO049	41	41	13	grande.	grande	_	_	_	_	_	linguistic	_	none	Intonation=Falling	End=122.426	_	_	_	_
42-0	TO050	42	42	0	°sì.°	sì	_	_	_	_	_	linguistic	_	none	Intonation=Falling|Volume=low	Begin=122.993|End=123.208	_	_	_	_
43-0	TO049	43	43	0	e	e	_	_	_	_	_	linguistic	_	none	_	Begin=123.221	_	_	_	_
43-1	TO049	43	43	1	non	non	_	_	_	_	_	linguistic	_	none	_	_	_	_	_	_
43-2	TO049	43	43	2	è	è	_	_	_	_	_	linguistic	_	none	_	_	_	_	_	_
43-3	TO049	43	43	3	mai	mai	_	_	_	_	_	linguistic	_	none	_	_	_	_	_	_
43-4	TO049	43	43	4	stato	stato	_	_	_	_	_	linguistic	_	none	_	_	_	_	_	_
43-5	TO049	43	43	5	super	super	_	_	_	_	_	linguistic	_	none	_	_	_	_	_	_
43-6	TO049	43	43	6	sicuro	sicuro	_	_	_	_	_	linguistic	_	none	_	_	_	_	_	_
43-7	TO049	43	43	7	di	di	_	_	_	_	_	linguistic	_	none	_	_	_	_	_	_
43-8	TO049	43	43	8	sé	sé	_	_	_	_	_	linguistic	_	none	_	_	_	_	_	_
43-9	TO049	43	43	9	però,	però	_	_	_	_	_	linguistic	_	none	Intonation=WeaklyRising	End=125.42	_	_	_	_
44-0	TO049	44	44	0	si	si	_	_	_	_	_	linguistic	_	none	_	Begin=125.591	_	_	_	_
44-1	TO049	44	44	1	è	è	_	_	_	_	_	linguistic	_	none	_	_	_	_	_	_
44-2	TO049	44	44	2	trovato	trovato	_	_	_	_	_	linguistic	_	none	_	_	_	_	_	_
44-3	TO049	44	44	3	i	i	_	_	_	_	_	linguistic	_	none	_	_	_	_	_	_
44-4	TO049	44	44	4	punti	punti	_	_	_	_	_	linguistic	_	none	_	_	_	_	_	_
44-5	TO049	44	44	5	di	di	_	_	_	_	_	linguistic	_	none	_	_	_	_	_	_
44-6	TO049	44	44	6	sicurezza.	sicurezza	_	_	_	_	_	linguistic	_	none	Intonation=Falling	End=127.289	_	_	_	_
45-0	TO049	45	45	0	tipo	tipo	_	_	_	_	_	linguistic	_	none	_	Begin=127.33	_	_	_	_
45-1	TO049	45	45	1	vedi	vedi	_	_	_	_	_	linguistic	_	none	_	_	_	_	_	_
45-2	TO049	45	45	2	quando	quando	_	_	_	_	_	linguistic	_	none	_	_	_	_	_	_
45-3	TO049	45	45	3	lui	lui	_	_	_	_	_	linguistic	_	none	_	_	_	_	_	_
45-4	TO049	45	45	4	dice	dice	_	_	_	_	_	linguistic	_	none	_	_	_	_	_	_
45-5	TO049	45	45	5	che	che	_	_	_	_	_	linguistic	_	none	_	_	_	_	_	_
45-6	TO049	45	45	6	lui	lui	_	_	_	_	_	linguistic	_	none	_	_	_	_	_	_
45-7	TO049	45	45	7	è	è	_	_	_	_	_	linguistic	_	none	_	_	_	_	_	_
45-8	TO049	45	45	8	convinto	convinto	_	_	_	_	_	linguistic	_	none	_	_	_	_	_	_
45-9	TO049	45	45	9	del	del	_	_	_	_	_	linguistic	_	none	_	_	_	_	_	_
45-10	TO049	45	45	10	suo	suo	_	_	_	_	_	linguistic	_	none	_	_	_	_	_	_
45-11	TO049	45	45	11	lavoro	lavoro	_	_	_	_	_	linguistic	_	none	_	_	_	_	_	_
45-12	TO049	45	45	12	di	di	_	_	_	_	_	linguistic	_	none	_	_	_	_	_	_
45-13	TO049	45	45	13	dottorato	dottorato	_	_	_	_	_	linguistic	_	none	_	_	_	_	_	_
45-14	TO049	45	45	14	e	e	_	_	_	_	_	linguistic	_	none	_	_	_	_	_	_
45-15	TO049	45	45	15	>bla	bla	_	_	_	_	_	linguistic	_	none	_	_	_	Fast=0-3(0)	_	_
45-16	TO049	45	45	16	bla	bla	_	_	_	_	_	linguistic	_	none	_	_	_	Fast=0-3(0)	_	_
45-17	TO049	45	45	17	bla	bla	_	_	_	_	_	linguistic	_	none	_	_	_	Fast=0-3(0)	_	_
45-18	TO049	45	45	18	bla	bla	_	_	_	_	_	linguistic	_	none	_	_	_	Fast=0-3(0)	_	_
45-19	TO049	45	45	19	bla<.	bla	_	_	_	_	_	linguistic	_	none	Intonation=Falling	End=131.485	_	Fast=0-3(0)	_	_
46-0	TO049	46	46	0	okay.	okay	_	_	_	_	_	linguistic	_	none	Intonation=Falling	Begin=132.013|End=132.576	_	_	_	_
47-0	TO049	47	47	0	eh.	eh	_	_	_	_	_	linguistic	_	none	Intonation=Falling	Begin=133.383|End=133.73	_	_	_	_
48-0	TO049	48	48	0	nel	nel	_	_	_	_	_	linguistic	_	none	_	Begin=134.555	_	_	_	_
48-1	TO049	48	48	1	momento	momento	_	_	_	_	_	linguistic	_	none	_	_	_	_	_	_
48-2	TO049	48	48	2	in	in	_	_	_	_	_	linguistic	_	none	_	_	_	_	_	_
48-3	TO049	48	48	3	cui	cui	_	_	_	_	_	linguistic	_	none	_	_	_	_	_	_
48-4	TO049	48	48	4	tu	tu	_	_	_	_	_	linguistic	_	none	_	_	_	_	_	_
48-5	TO049	48	48	5	ti	ti	_	_	_	_	_	linguistic	_	none	_	_	_	_	_	_
48-6	TO049	48	48	6	cerchi	cerchi	_	_	_	_	_	linguistic	_	none	_	_	_	_	_	_
48-7	TO049	48	48	7	tuoi	tuoi	_	_	_	_	_	linguistic	_	none	_	_	_	_	_	_
48-8	TO049	48	48	8	punti	punti	_	_	_	_	_	linguistic	_	none	_	_	_	_	_	_
48-9	TO049	48	48	9	di,	di	_	_	_	_	_	linguistic	_	none	Intonation=WeaklyRising	End=136.744	_	_	_	_
49-0	TO049	49	49	0	forza	forza	_	_	_	_	_	linguistic	_	none	PauseAfter=Yes	Begin=137.245	_	_	_	_
49-1	TO049	49	49	1	{P}	{P}	_	_	_	_	_	shortpause	_	none	_	_	_	_	_	_
49-2	TO049	49	49	2	fai	fai	_	_	_	_	_	linguistic	_	none	_	_	_	_	_	_
49-3	TO049	49	49	3	un	un	_	_	_	_	_	linguistic	_	none	_	_	_	_	_	_
49-4	TO049	49	49	4	percorso	percorso	_	_	_	_	_	linguistic	_	none	_	_	_	_	_	_
49-5	TO049	49	49	5	>che	che	_	_	_	_	_	linguistic	_	none	_	_	_	Fast=0-3(0)	_	_
49-6	TO049	49	49	6	è	è	_	_	_	_	_	linguistic	_	none	_	_	_	Fast=0-1(0)	_	_
49-7	TO049	49	49	7	quello	quello	_	_	_	_	_	linguistic	_	none	_	_	_	Fast=0-6(0)	_	_
49-8	TO049	49	49	8	che	che	_	_	_	_	_	linguistic	_	none	_	_	_	Fast=0-3(0)	_	_
49-9	TO049	49	49	9	ti	ti	_	_	_	_	_	linguistic	_	none	_	_	_	Fast=0-2(0)	_	_
49-10	TO049	49	49	10	dicevo	dicevo	_	_	_	_	_	linguistic	_	none	_	_	_	Fast=0-6(0)	_	_
49-11	TO049	49	49	11	prima	prima	_	_	_	_	_	linguistic	_	none	_	_	_	Fast=0-5(0)	_	_
49-12	TO049	49	49	12	io<	io	_	_	_	_	_	linguistic	_	none	_	_	_	Fast=0-2(0)	_	_
49-13	TO049	49	49	13	quando	quando	_	_	_	_	_	linguistic	_	none	_	_	_	_	_	_
49-14	TO049	49	49	14	la	la	_	_	_	_	_	linguistic	_	none	_	_	_	_	_	_
49-15	TO049	49	49	15	gente	gente	_	_	_	_	_	linguistic	_	none	_	_	_	_	_	_
49-16	TO049	49	49	16	che	che	_	_	_	_	_	linguistic	_	none	PauseAfter=Yes	_	_	_	_	_
49-17	TO049	49	49	17	{P}	{P}	_	_	_	_	_	shortpause	_	none	_	_	_	_	_	_
49-18	TO049	49	49	18	ti	ti	_	_	_	_	_	linguistic	_	none	_	_	_	_	_	_
49-19	TO049	49	49	19	vuole	vuole	_	_	_	_	_	linguistic	_	none	_	_	_	_	_	_
49-20	TO049	49	49	20	più	più	_	_	_	_	_	linguistic	_	none	_	_	_	_	_	_
49-21	TO049	49	49	21	bene	bene	_	_	_	_	_	linguistic	_	none	_	_	_	_	_	_
49-22	TO049	49	49	22	che	che	_	_	_	_	_	linguistic	_	none	_	_	_	_	_	_
49-23	TO049	49	49	23	ti	ti	_	_	_	_	_	linguistic	_	none	_	_	_	_	_	_
49-24	TO049	49	49	24	conosce	conosce	_	_	_	_	_	linguistic	_	none	_	_	_	_	_	_
49-25	TO049	49	49	25	ti	ti	_	_	_	_	_	linguistic	_	none	_	_	_	_	_	_
49-26	TO049	49	49	26	a~	a~	_	_	_	_	_	linguistic	_	none	Interrupted=Yes	End=142.831	_	_	_	_
50-0	TO049	50	50	0	va	va	_	_	_	_	_	linguistic	_	none	_	Begin=143.196	_	_	_	_
50-1	TO049	50	50	1	a	a	_	_	_	_	_	linguistic	_	none	_	_	_	_	_	_
50-2	TO049	50	50	2	intaccare	intaccare	_	_	_	_	_	linguistic	_	none	_	_	_	_	_	_
50-3	TO049	50	50	3	proprio	proprio	_	_	_	_	_	linguistic	_	none	_	_	_	_	_	_
50-4	TO049	50	50	4	il	il	_	_	_	_	_	linguistic	_	none	_	_	_	_	_	_
50-5	TO049	50	50	5	percorso	percorso	_	_	_	_	_	linguistic	_	none	_	_	_	_	_	_
50-6	TO049	50	50	6	che	che	_	_	_	_	_	linguistic	_	none	_	_	_	_	_	_
50-7	TO049	50	50	7	tu	tu	_	_	_	_	_	linguistic	_	none	_	_	_	_	_	_
50-8	TO049	50	50	8	stai	stai	_	_	_	_	_	linguistic	_	none	_	_	_	_	_	_
50-9	TO049	50	50	9	facendo,	facendo	_	_	_	_	_	linguistic	_	none	Intonation=WeaklyRising	End=145.818	_	_	_	_
51-0	TO049	51	51	0	è	è	_	_	_	_	_	linguistic	_	none	_	Begin=147.48	_	_	_	_
51-1	TO049	51	51	1	normale	normale	_	_	_	_	_	linguistic	_	none	_	_	_	_	_	_
51-2	TO049	51	51	2	che,	che	_	_	_	_	_	linguistic	_	none	Intonation=WeaklyRising	End=148.337	_	_	_	_
52-0	TO049	52	52	0	cioè	cioè	_	_	_	_	_	linguistic	_	none	_	Begin=148.856	_	_	_	_
52-1	TO049	52	52	1	fa	fa	_	_	_	_	_	linguistic	_	none	_	_	_	_	_	_
52-2	TO049	52	52	2	più	più	_	_	_	_	_	linguistic	_	none	_	_	_	_	_	_
52-3	TO049	52	52	3	male	male	_	_	_	_	_	linguistic	_	none	_	_	_	_	_	_
52-4	TO049	52	52	4	riferito	riferito	_	_	_	_	_	linguistic	_	none	_	_	_	_	_	_
52-5	TO049	52	52	5	a	a	_	_	_	_	_	linguistic	_	none	_	_	_	_	_	_
52-6	TO049	52	52	6	quel	quel	_	_	_	_	_	linguistic	_	none	_	_	_	_	_	_
52-7	TO049	52	52	7	percorso	percorso	_	_	_	_	_	linguistic	_	none	_	_	_	_	_	_
52-8	TO049	52	52	8	perché	perché	_	_	_	_	_	linguistic	_	none	_	_	_	_	_	_
52-9	TO049	52	52	9	non	non	_	_	_	_	_	linguistic	_	none	_	_	_	_	_	_
52-10	TO049	52	52	10	è	è	_	_	_	_	_	linguistic	_	none	PauseAfter=Yes	_	_	_	_	_
52-11	TO049	52	52	11	{P}	{P}	_	_	_	_	_	shortpause	_	none	_	_	_	_	_	_
52-12	TO049	52	52	12	un	un	_	_	_	_	_	linguistic	_	none	_	_	_	_	_	_
52-13	TO049	52	52	13	tallone	tallone	_	_	_	_	_	linguistic	_	none	_	_	_	_	_	_
52-14	TO049	52	52	14	dachille	dachille	_	_	_	_	_	linguistic	_	none	PauseAfter=Yes	_	_	_	_	_
52-15	TO049	52	52	15	{P}	{P}	_	_	_	_	_	shortpause	_	none	_	_	_	_	_	_
52-16	TO049	52	52	16	qualunque.	qualunque	_	_	_	_	_	linguistic	_	none	Intonation=Falling	End=153.996	_	_	_	_
53-0	TO049	53	53	0	è	è	_	_	_	_	_	linguistic	_	none	_	Begin=154.453	_	_	_	_
53-1	TO049	53	53	1	un	un	_	_	_	_	_	linguistic	_	none	_	_	_	_	_	_
53-2	TO049	53	53	2	tallone	tallone	_	_	_	_	_	linguistic	_	none	_	_	_	_	_	_
53-3	TO049	53	53	3	dachille	dachille	_	_	_	_	_	linguistic	_	none	_	_	_	_	_	_
53-4	TO049	53	53	4	cioè	cioè	_	_	_	_	_	linguistic	_	none	_	_	_	_	_	_
53-5	TO049	53	53	5	non	non	_	_	_	_	_	linguistic	_	none	_	_	_	_	_	_
53-6	TO049	53	53	6	è	è	_	_	_	_	_	linguistic	_	none	_	_	_	_	_	_
53-7	TO049	53	53	7	una	una	_	_	_	_	_	linguistic	_	none	_	_	_	_	_	_
53-8	TO049	53	53	8	debolezza	debolezza	_	_	_	_	_	linguistic	_	none	_	_	_	_	_	_
53-9	TO049	53	53	9	qualun[que	qualunque	_	_	_	_	_	linguistic	_	none	_	_	_	_	_	6-9(9)
53-10	TO049	53	53	10	è	è	_	_	_	_	_	linguistic	_	none	_	_	_	_	_	0-1(9)
53-11	TO049	53	53	11	un	un	_	_	_	_	_	linguistic	_	none	_	_	_	_	_	0-2(9)
53-12	TO049	53	53	12	tallone	tallone	_	_	_	_	_	linguistic	_	none	_	_	_	_	_	0-7(9)
53-13	TO049	53	53	13	dachille	dachille	_	_	_	_	_	linguistic	_	none	_	_	_	_	_	0-8(9)
53-14	TO049	53	53	14	ben	ben	_	_	_	_	_	linguistic	_	none	_	_	_	_	_	0-3(9)
53-15	TO049	53	53	15	specifico].	specifico	_	_	_	_	_	linguistic	_	none	Intonation=Falling	End=158.558	_	_	_	0-9(9)
54-0	TO050	54	54	0	[perché	perché	_	_	_	_	_	linguistic	_	none	_	Begin=156.52	_	_	_	0-6(9)
54-1	TO050	54	54	1	porta	porta	_	_	_	_	_	linguistic	_	none	_	_	_	_	_	0-5(9)
54-2	TO050	54	54	2	conseguenze:	conseguenze	_	_	_	_	_	linguistic	_	none	_	_	10x1	_	_	0-11(9)
54-3	TO050	54	54	3	es]atto.	esatto	_	_	_	_	_	linguistic	_	none	Intonation=Falling	End=158.81	_	_	_	0-2(9)
55-0	TO049	55	55	0	che	che	_	_	_	_	_	linguistic	_	none	_	Begin=160.451	_	_	_	_
55-1	TO049	55	55	1	tra	tra	_	_	_	_	_	linguistic	_	none	_	_	_	_	_	_
55-2	TO049	55	55	2	l'	l'	_	_	_	_	_	linguistic	_	none	SpaceAfter=No	_	_	_	_	_
55-3	TO049	55	55	3	altro	altro	_	_	_	_	_	linguistic	_	none	_	_	_	_	_	_
55-4	TO049	55	55	4	la	la	_	_	_	_	_	linguistic	_	none	_	_	_	_	_	_
55-5	TO049	55	55	5	persona	persona	_	_	_	_	_	linguistic	_	none	_	_	_	_	_	_
55-6	TO049	55	55	6	che	che	_	_	_	_	_	linguistic	_	none	_	_	_	_	_	_
55-7	TO049	55	55	7	gliel'	gliel'	_	_	_	_	_	linguistic	_	none	SpaceAfter=No	_	_	_	_	_
55-8	TO049	55	55	8	ha	ha	_	_	_	_	_	linguistic	_	none	_	_	_	_	_	_
55-9	TO049	55	55	9	criticavo	criticavo	_	_	_	_	_	linguistic	_	none	PauseAfter=Yes	_	_	_	_	_
55-10	TO049	55	55	10	{P}	{P}	_	_	_	_	_	shortpause	_	none	_	_	_	_	_	_
55-11	TO049	55	55	11	avrebbe	avrebbe	_	_	_	_	_	linguistic	_	none	_	_	_	_	_	_
55-12	TO049	55	55	12	dovuto	dovuto	_	_	_	_	_	linguistic	_	none	_	_	_	_	_	_
55-13	TO049	55	55	13	anche	anche	_	_	_	_	_	linguistic	_	none	_	_	_	_	_	_
55-14	TO049	55	55	14	conoscere	conoscere	_	_	_	_	_	linguistic	_	none	_	_	_	_	_	_
55-15	TO049	55	55	15	di	di	_	_	_	_	_	linguistic	_	none	_	_	_	_	_	_
55-16	TO049	55	55	16	base.	base	_	_	_	_	_	linguistic	_	none	Intonation=Falling	End=165.075	_	_	_	_
56-0	TO050	56	56	0	°mhmh.°	mhmh	_	_	_	_	_	linguistic	_	none	Intonation=Falling|Volume=low	Begin=165.123|End=165.528	_	_	_	_
57-0	TO049	57	57	0	e	e	_	_	_	_	_	linguistic	_	none	_	Begin=165.831	_	_	_	_
57-1	TO049	57	57	1	io	io	_	_	_	_	_	linguistic	_	none	_	_	_	_	_	_
57-2	TO049	57	57	2	gli	gli	_	_	_	_	_	linguistic	_	none	_	_	_	_	_	_
57-3	TO049	57	57	3	dicevo	dicevo	_	_	_	_	_	linguistic	_	none	_	_	_	_	_	_
57-4	TO049	57	57	4	che	che	_	_	_	_	_	linguistic	_	none	PauseAfter=Yes	_	_	_	_	_
57-5	TO049	57	57	5	{P}	{P}	_	_	_	_	_	shortpause	_	none	_	_	_	_	_	_
57-6	TO049	57	57	6	ne~	ne~	_	_	_	_	_	linguistic	_	none	Interrupted=Yes	_	_	_	_	_
57-7	TO049	57	57	7	comunque	comunque	_	_	_	_	_	linguistic	_	none	_	_	_	_	_	_
57-8	TO049	57	57	8	nelle	nelle	_	_	_	_	_	linguistic	_	none	_	_	_	_	_	_
57-9	TO049	57	57	9	persone	persone	_	_	_	_	_	linguistic	_	none	_	_	_	_	_	_
57-10	TO049	57	57	10	che,	che	_	_	_	_	_	linguistic	_	none	Intonation=WeaklyRising	End=168.593	_	_	_	_
58-0	TO049	58	58	0	sono	sono	_	_	_	_	_	linguistic	_	none	_	Begin=169.265	_	_	_	_
58-1	TO049	58	58	1	sempre	sempre	_	_	_	_	_	linguistic	_	none	_	_	_	_	_	_
58-2	TO049	58	58	2	stata	stata	_	_	_	_	_	linguistic	_	none	_	_	_	_	_	_
58-3	TO049	58	58	3	insicure	insicure	_	_	_	_	_	linguistic	_	none	_	_	_	_	_	_
58-4	TO049	58	58	4	e	e	_	_	_	_	_	linguistic	_	none	PauseAfter=Yes	_	_	_	_	_
58-5	TO049	58	58	5	{P}	{P}	_	_	_	_	_	shortpause	_	none	_	_	_	_	_	_
58-6	TO049	58	58	6	hanno	hanno	_	_	_	_	_	linguistic	_	none	_	_	_	_	_	_
58-7	TO049	58	58	7	sempre	sempre	_	_	_	_	_	linguistic	_	none	_	_	_	_	_	_
58-8	TO049	58	58	8	gli	gli	_	_	_	_	_	linguistic	_	none	_	_	_	_	_	_
58-9	TO049	58	58	9	hanno	hanno	_	_	_	_	_	linguistic	_	none	_	_	_	_	_	_
58-10	TO049	58	58	10	sempre	sempre	_	_	_	_	_	linguistic	_	none	_	_	_	_	_	_
58-11	TO049	58	58	11	(anche)	anche	_	_	_	_	_	linguistic	_	none	_	_	_	_	0-5(0)	_
58-12	TO049	58	58	12	dato	dato	_	_	_	_	_	linguistic	_	none	_	_	_	_	_	_
58-13	TO049	58	58	13	un	un	_	_	_	_	_	linguistic	_	none	_	_	_	_	_	_
58-14	TO049	58	58	14	po	po	_	_	_	_	_	linguistic	_	none	_	_	_	_	_	_
58-15	TO049	58	58	15	letichetta	letichetta	_	_	_	_	_	linguistic	_	none	_	_	_	_	_	_
58-16	TO049	58	58	16	delle	delle	_	_	_	_	_	linguistic	_	none	_	_	_	_	_	_
58-17	TO049	58	58	17	persone	persone	_	_	_	_	_	linguistic	_	none	_	_	_	_	_	_
58-18	TO049	58	58	18	saputelle,	saputelle	_	_	_	_	_	linguistic	_	none	Intonation=WeaklyRising	End=174.985	_	_	_	_
59-0	TO049	59	59	0	è	è	_	_	_	_	_	linguistic	_	none	_	Begin=175.6	_	_	_	_
59-1	TO049	59	59	1	normale	normale	_	_	_	_	_	linguistic	_	none	_	_	_	_	_	_
59-2	TO049	59	59	2	secondo	secondo	_	_	_	_	_	linguistic	_	none	_	_	_	_	_	_
59-3	TO049	59	59	3	me	me	_	_	_	_	_	linguistic	_	none	_	_	_	_	_	_
59-4	TO049	59	59	4	avere	avere	_	_	_	_	_	linguistic	_	none	_	_	_	_	_	_
59-5	TO049	59	59	5	questa	questa	_	_	_	_	_	linguistic	_	none	_	_	_	_	_	_
59-6	TO049	59	59	6	paura	paura	_	_	_	_	_	linguistic	_	none	_	_	_	_	_	_
59-7	TO049	59	59	7	di	di	_	_	_	_	_	linguistic	_	none	_	_	_	_	_	_
59-8	TO049	59	59	8	sembrare	sembrare	_	_	_	_	_	linguistic	_	none	_	_	_	_	_	_
59-9	TO049	59	59	9	troppo	troppo	_	_	_	_	_	linguistic	_	none	_	_	_	_	_	_
59-10	TO049	59	59	10	saputelli,	saputelli	_	_	_	_	_	linguistic	_	none	Intonation=WeaklyRising	End=179.108	_	_	_	_
60-0	TO049	60	60	0	proprio	proprio	_	_	_	_	_	linguistic	_	none	_	Begin=179.25	_	_	_	_
60-1	TO049	60	60	1	perché,	perché	_	_	_	_	_	linguistic	_	none	Intonation=WeaklyRising	End=179.965	_	_	_	_
61-0	TO049	61	61	0	hai	hai	_	_	_	_	_	linguistic	_	none	_	Begin=180.855	_	_	_	_
61-1	TO049	61	61	1	paura	paura	_	_	_	_	_	linguistic	_	none	_	_	_	_	_	_
61-2	TO049	61	61	2	di	di	_	_	_	_	_	linguistic	_	none	_	_	_	_	_	_
61-3	TO049	61	61	3	cadere	cadere	_	_	_	_	_	linguistic	_	none	_	_	_	_	_	_
61-4	TO049	61	61	4	nelle	nelle	_	_	_	_	_	linguistic	_	none	_	_	_	_	_	_
61-5	TO049	61	61	5	nelleccesso	nelleccesso	_	_	_	_	_	linguistic	_	none	_	_	_	_	_	_
61-6	TO049	61	61	6	opposto	opposto	_	_	_	_	_	linguistic	_	none	_	_	_	_	_	_
61-7	TO049	61	61	7	cioè	cioè	_	_	_	_	_	linguistic	_	none	_	_	_	_	_	_
61-8	TO049	61	61	8	di	di	_	_	_	_	_	linguistic	_	none	_	_	_	_	_	_
61-9	TO049	61	61	9	passare	passare	_	_	_	_	_	linguistic	_	none	_	_	_	_	_	_
61-10	TO049	61	61	10	dall'	dall'	_	_	_	_	_	linguistic	_	none	SpaceAfter=No	_	_	_	_	_
61-11	TO049	61	61	11	ultimo	ultimo	_	_	_	_	_	linguistic	_	none	PauseAfter=Yes	_	_	_	_	_
61-12	TO049	61	61	12	{P}	{P}	_	_	_	_	_	shortpause	_	none	_	_	_	_	_	_
61-13	TO049	61	61	13	dei	dei	_	_	_	_	_	linguistic	_	none	_	_	_	_	_	_
61-14	TO049	61	61	14	sicuri	sicuri	_	_	_	_	_	linguistic	_	none	_	_	_	_	_	_
61-15	TO049	61	61	15	cioè	cioè	_	_	_	_	_	linguistic	_	none	_	_	_	_	_	_
61-16	TO049	61	61	16	dal	dal	_	_	_	_	_	linguistic	_	none	_	_	_	_	_	_
61-17	TO049	61	61	17	più	più	_	_	_	_	_	linguistic	_	none	_	_	_	_	_	_
61-18	TO049	61	61	18	insicuro	insicuro	_	_	_	_	_	linguistic	_	none	_	_	_	_	_	_
61-19	TO049	61	61	19	al	al	_	_	_	_	_	linguistic	_	none	_	_	_	_	_	_
61-20	TO049	61	61	20	primo	primo	_	_	_	_	_	linguistic	_	none	_	_	_	_	_	_
61-21	TO049	61	61	21	dei	dei	_	_	_	_	_	linguistic	_	none	_	_	_	_	_	_
61-22	TO049	61	61	22	saputelli	saputelli	_	_	_	_	_	linguistic	_	none	_	_	_	_	_	_
61-23	TO049	61	61	23	e	e	_	_	_	_	_	linguistic	_	none	_	_	_	_	_	_
61-24	TO049	61	61	24	tu	tu	_	_	_	_	_	linguistic	_	none	_	_	_	_	_	_
61-25	TO049	61	61	25	non	non	_	_	_	_	_	linguistic	_	none	_	_	_	_	_	_
61-26	TO049	61	61	26	vuoi	vuoi	_	_	_	_	_	linguistic	_	none	_	_	_	_	_	_
61-27	TO049	61	61	27	sembrare	sembrare	_	_	_	_	_	linguistic	_	none	_	_	_	_	_	_
61-28	TO049	61	61	28	>saputello	saputello	_	_	_	_	_	linguistic	_	none	_	_	_	Fast=0-9(0)	_	_
61-29	TO049	61	61	29	proprio	proprio	_	_	_	_	_	linguistic	_	none	_	_	_	Fast=0-7(0)	_	_
61-30	TO049	61	61	30	perché<	perché	_	_	_	_	_	linguistic	_	none	_	_	_	Fast=0-6(0)	_	_
61-31	TO049	61	61	31	chai	chai	_	_	_	_	_	linguistic	_	none	_	_	_	_	_	_
61-32	TO049	61	61	32	dovuto	dovuto	_	_	_	_	_	linguistic	_	none	_	_	_	_	_	_
61-33	TO049	61	61	33	lavorare	lavorare	_	_	_	_	_	linguistic	_	none	_	_	_	_	_	_
61-34	TO049	61	61	34	sulle	sulle	_	_	_	_	_	linguistic	_	none	_	_	_	_	_	_
61-35	TO049	61	61	35	tue,	tue	_	_	_	_	_	linguistic	_	none	Intonation=WeaklyRising	End=191.1	_	_	_	_
62-0	TO049	62	62	0	insicurezze	insicurezze	_	_	_	_	_	linguistic	_	none	_	Begin=191.751	_	_	_	_
62-1	TO049	62	62	1	e	e	_	_	_	_	_	linguistic	_	none	_	_	_	_	_	_
62-2	TO049	62	62	2	quindi	quindi	_	_	_	_	_	linguistic	_	none	_	_	_	_	_	_
62-3	TO049	62	62	3	paradossalmente	paradossalmente	_	_	_	_	_	linguistic	_	none	_	_	_	_	_	_
62-4	TO049	62	62	4	poi	poi	_	_	_	_	_	linguistic	_	none	_	_	_	_	_	_
62-5	TO049	62	62	5	viene	viene	_	_	_	_	_	linguistic	_	none	_	_	_	_	_	_
62-6	TO049	62	62	6	fuori	fuori	_	_	_	_	_	linguistic	_	none	_	_	_	_	_	_
62-7	TO049	62	62	7	unidea	unidea	_	_	_	_	_	linguistic	_	none	_	_	_	_	_	_
62-8	TO049	62	62	8	di	di	_	_	_	_	_	linguistic	_	none	_	_	_	_	_	_
62-9	TO049	62	62	9	te	te	_	_	_	_	_	linguistic	_	none	_	_	_	_	_	_
62-10	TO049	62	62	10	completamente	completamente	_	_	_	_	_	linguistic	_	none	_	_	_	_	_	_
62-11	TO049	62	62	11	diversa	diversa	_	_	_	_	_	linguistic	_	none	_	_	_	_	_	_
62-12	TO049	62	62	12	da	da	_	_	_	_	_	linguistic	_	none	_	_	_	_	_	_
62-13	TO049	62	62	13	quella	quella	_	_	_	_	_	linguistic	_	none	_	_	_	_	_	_
62-14	TO049	62	62	14	che	che	_	_	_	_	_	linguistic	_	none	_	_	_	_	_	_
62-15	TO049	62	62	15	era	era	_	_	_	_	_	linguistic	_	none	_	_	_	_	_	_
62-16	TO049	62	62	16	di	di	_	_	_	_	_	linguistic	_	none	_	_	_	_	_	_
62-17	TO049	62	62	17	fondo.	fondo	_	_	_	_	_	linguistic	_	none	Intonation=Falling	End=196.888	_	_	_	_
63-0	TO049	63	63	0	e	e	_	_	_	_	_	linguistic	_	none	_	Begin=197.54	_	_	_	_
63-1	TO049	63	63	1	quindi	quindi	_	_	_	_	_	linguistic	_	none	_	_	_	_	_	_
63-2	TO049	63	63	2	poi	poi	_	_	_	_	_	linguistic	_	none	_	_	_	_	_	_
63-3	TO049	63	63	3	gli	gli	_	_	_	_	_	linguistic	_	none	_	_	_	_	_	_
63-4	TO049	63	63	4	dicevo	dicevo	_	_	_	_	_	linguistic	_	none	_	_	_	_	_	_
63-5	TO049	63	63	5	beh,	beh	_	_	_	_	_	linguistic	_	none	Intonation=WeaklyRising	End=199.275	_	_	_	_
64-0	TO049	64	64	0	che	che	_	_	_	_	_	linguistic	_	none	_	Begin=199.44	_	_	_	_
64-1	TO049	64	64	1	lavevo	lavevo	_	_	_	_	_	linguistic	_	none	_	_	_	_	_	_
64-2	TO049	64	64	2	vista	vista	_	_	_	_	_	linguistic	_	none	_	_	_	_	_	_
64-3	TO049	64	64	3	anche	anche	_	_	_	_	_	linguistic	_	none	_	_	_	_	_	_
64-4	TO049	64	64	4	in	in	_	_	_	_	_	linguistic	_	none	_	_	_	_	_	_
64-5	TO049	64	64	5	te	te	_	_	_	_	_	linguistic	_	none	_	_	_	_	_	_
64-6	TO049	64	64	6	in	in	_	_	_	_	_	linguistic	_	none	_	_	_	_	_	_
64-7	TO049	64	64	7	certe	certe	_	_	_	_	_	linguistic	_	none	_	_	_	_	_	_
64-8	TO049	64	64	8	questa	questa	_	_	_	_	_	linguistic	_	none	_	_	_	_	_	_
64-9	TO049	64	64	9	cosa	cosa	_	_	_	_	_	linguistic	_	none	_	_	_	_	_	_
64-10	TO049	64	64	10	qua,	qua	_	_	_	_	_	linguistic	_	none	Intonation=WeaklyRising	End=202.215	_	_	_	_
65-0	TO050	65	65	0	mhmh,	mhmh	_	_	_	_	_	linguistic	_	none	Intonation=WeaklyRising	Begin=202.215|End=202.515	_	_	_	_
66-0	TO049	66	66	0	e	e	_	_	_	_	_	linguistic	_	none	_	Begin=202.515	_	_	_	_
66-1	TO049	66	66	1	la	la	_	_	_	_	_	linguistic	_	none	_	_	_	_	_	_
66-2	TO049	66	66	2	vedevo	vedevo	_	_	_	_	_	linguistic	_	none	_	_	_	_	_	_
66-3	TO049	66	66	3	comunemente	comunemente	_	_	_	_	_	linguistic	_	none	_	_	_	_	_	_
66-4	TO049	66	66	4	nelle	nelle	_	_	_	_	_	linguistic	_	none	_	_	_	_	_	_
66-5	TO049	66	66	5	persone	persone	_	_	_	_	_	linguistic	_	none	_	_	_	_	_	_
66-6	TO049	66	66	6	molto	molto	_	_	_	_	_	linguistic	_	none	_	_	_	_	_	_
66-7	TO049	66	66	7	insicure	insicure	_	_	_	_	_	linguistic	_	none	_	_	_	_	_	_
66-8	TO049	66	66	8	che	che	_	_	_	_	_	linguistic	_	none	_	_	_	_	_	_
66-9	TO049	66	66	9	a	a	_	_	_	_	_	linguistic	_	none	_	_	_	_	_	_
66-10	TO049	66	66	10	un	un	_	_	_	_	_	linguistic	_	none	_	_	_	_	_	_
66-11	TO049	66	66	11	certo	certo	_	_	_	_	_	linguistic	_	none	_	_	_	_	_	_
66-12	TO049	66	66	12	punto	punto	_	_	_	_	_	linguistic	_	none	_	_	_	_	_	_
66-13	TO049	66	66	13	invece	invece	_	_	_	_	_	linguistic	_	none	_	_	_	_	_	_
66-14	TO049	66	66	14	sono	sono	_	_	_	_	_	linguistic	_	none	_	_	_	_	_	_
66-15	TO049	66	66	15	state	state	_	_	_	_	_	linguistic	_	none	_	_	_	_	_	_
66-16	TO049	66	66	16	brave	brave	_	_	_	_	_	linguistic	_	none	_	_	_	_	_	_
66-17	TO049	66	66	17	a	a	_	_	_	_	_	linguistic	_	none	_	_	_	_	_	_
66-18	TO049	66	66	18	sfruttare	sfruttare	_	_	_	_	_	linguistic	_	none	_	_	_	_	_	_
66-19	TO049	66	66	19	alcune	alcune	_	_	_	_	_	linguistic	_	none	_	_	_	_	_	_
66-20	TO049	66	66	20	insicurezze	insicurezze	_	_	_	_	_	linguistic	_	none	_	_	_	_	_	_
66-21	TO049	66	66	21	come,	come	_	_	_	_	_	linguistic	_	none	Intonation=WeaklyRising	End=208.541	_	_	_	_
67-0	TO049	67	67	0	punti	punti	_	_	_	_	_	linguistic	_	none	_	Begin=209.145	_	_	_	_
67-1	TO049	67	67	1	di	di	_	_	_	_	_	linguistic	_	none	_	_	_	_	_	_
67-2	TO049	67	67	2	forza.	forza	_	_	_	_	_	linguistic	_	none	Intonation=Falling	_	_	_	_	_
67-3	TO049	67	67	3	e,	e	_	_	_	_	_	linguistic	_	none	Intonation=WeaklyRising	End=210.335	_	_	_	_
68-0	TO050	68	68	0	perché	perché	_	_	_	_	_	linguistic	_	none	_	Begin=210.823	_	_	_	_
68-1	TO050	68	68	1	sono	sono	_	_	_	_	_	linguistic	_	none	_	_	_	_	_	_
68-2	TO050	68	68	2	più	più	_	_	_	_	_	linguistic	_	none	_	_	_	_	_	_
68-3	TO050	68	68	3	attaccabili	attaccabili	_	_	_	_	_	linguistic	_	none	_	_	_	_	_	_
68-4	TO050	68	68	4	cioè	cioè	_	_	_	_	_	linguistic	_	none	_	_	_	_	_	_
68-5	TO050	68	68	5	nel	nel	_	_	_	_	_	linguistic	_	none	_	_	_	_	_	_
68-6	TO050	68	68	6	senso	senso	_	_	_	_	_	linguistic	_	none	_	_	_	_	_	_
68-7	TO050	68	68	7	più,	più	_	_	_	_	_	linguistic	_	none	Intonation=WeaklyRising	End=212.98	_	_	_	_
69-0	TO050	69	69	0	perché	perché	_	_	_	_	_	linguistic	_	none	_	Begin=213.716	_	_	_	_
69-1	TO050	69	69	1	è	è	_	_	_	_	_	linguistic	_	none	_	_	_	_	_	_
69-2	TO050	69	69	2	più	più	_	_	_	_	_	linguistic	_	none	_	_	_	_	_	_
69-3	TO050	69	69	3	normale	normale	_	_	_	_	_	linguistic	_	none	_	_	_	_	_	_
69-4	TO050	69	69	4	essere	essere	_	_	_	_	_	linguistic	_	none	_	_	_	_	_	_
69-5	TO050	69	69	5	più	più	_	_	_	_	_	linguistic	_	none	_	_	_	_	_	_
69-6	TO050	69	69	6	sensibili	sensibili	_	_	_	_	_	linguistic	_	none	_	_	_	_	_	_
69-7	TO050	69	69	7	o	o	_	_	_	_	_	linguistic	_	none	_	_	_	_	_	_
69-8	TO050	69	69	8	[più]::	più	_	_	_	_	_	linguistic	_	none	_	_	2x2	_	_	0-3(10)
69-9	TO050	69	69	9	suscettibili	suscettibili	_	_	_	_	_	linguistic	_	none	_	_	_	_	_	_
69-10	TO050	69	69	10	[quando	quando	_	_	_	_	_	linguistic	_	none	_	_	_	_	_	0-6(11)
69-11	TO050	69	69	11	non]	non	_	_	_	_	_	linguistic	_	none	_	_	_	_	_	0-3(11)
69-12	TO050	69	69	12	cioè	cioè	_	_	_	_	_	linguistic	_	none	_	_	_	_	_	_
69-13	TO050	69	69	13	non	non	_	_	_	_	_	linguistic	_	none	_	_	_	_	_	_
69-14	TO050	69	69	14	cioè	cioè	_	_	_	_	_	linguistic	_	none	_	_	_	_	_	_
69-15	TO050	69	69	15	°necessariamente	necessariamente	_	_	_	_	_	linguistic	_	none	Volume=low	_	_	_	_	_
69-16	TO050	69	69	16	sarebbero	sarebbero	_	_	_	_	_	linguistic	_	none	Volume=low	_	_	_	_	_
69-17	TO050	69	69	17	così	così	_	_	_	_	_	linguistic	_	none	Volume=low	_	_	_	_	_
69-18	TO050	69	69	18	attaccabili.°	attaccabili	_	_	_	_	_	linguistic	_	none	Intonation=Falling|Volume=low	End=220.385	_	_	_	_
70-0	TO049	70	70	0	[sì].	sì	_	_	_	_	_	linguistic	_	none	Intonation=Falling	Begin=215.846|End=216.211	_	_	_	0-2(10)
71-0	TO049	71	71	0	[proprio	proprio	_	_	_	_	_	linguistic	_	none	_	Begin=217.139	_	_	_	0-7(11)
71-1	TO049	71	71	1	su	su	_	_	_	_	_	linguistic	_	none	_	_	_	_	_	0-2(11)
71-2	TO049	71	71	2	questo].	questo	_	_	_	_	_	linguistic	_	none	Intonation=Falling	End=218.215	_	_	_	0-6(11)
72-0	TO050	72	72	0	°eh	eh	_	_	_	_	_	linguistic	_	none	Volume=low	Begin=220.61	_	_	_	_
72-1	TO050	72	72	1	sì.°	sì	_	_	_	_	_	linguistic	_	none	Intonation=Falling|Volume=low	End=221.55	_	_	_	_
73-0	TO049	73	73	0	poi	poi	_	_	_	_	_	linguistic	_	none	_	Begin=224.504	_	_	_	_
73-1	TO049	73	73	1	ovviamente	ovviamente	_	_	_	_	_	linguistic	_	none	_	_	_	_	_	_
73-2	TO049	73	73	2	lui	lui	_	_	_	_	_	linguistic	_	none	_	_	_	_	_	_
73-3	TO049	73	73	3	non	non	_	_	_	_	_	linguistic	_	none	_	_	_	_	_	_
73-4	TO049	73	73	4	ne	ne	_	_	_	_	_	linguistic	_	none	_	_	_	_	_	_
73-5	TO049	73	73	5	parlerà	parlerà	_	_	_	_	_	linguistic	_	none	_	_	_	_	_	_
73-6	TO049	73	73	6	mai	mai	_	_	_	_	_	linguistic	_	none	_	_	_	_	_	_
73-7	TO049	73	73	7	con	con	_	_	_	_	_	linguistic	_	none	_	_	_	_	_	_
73-8	TO049	73	73	8	sua	sua	_	_	_	_	_	linguistic	_	none	_	_	_	_	_	_
73-9	TO049	73	73	9	nonna	nonna	_	_	_	_	_	linguistic	_	none	PauseAfter=Yes	_	_	_	_	_
73-10	TO049	73	73	10	{P}	{P}	_	_	_	_	_	shortpause	_	none	_	_	_	_	_	_
73-11	TO049	73	73	11	°perché,°	perché	_	_	_	_	_	linguistic	_	none	Intonation=WeaklyRising|Volume=low	End=227.668	_	_	_	_
74-0	TO050	74	74	0	e	e	_	_	_	_	_	linguistic	_	none	_	Begin=227.668	_	_	_	_
74-1	TO050	74	74	1	questo	questo	_	_	_	_	_	linguistic	_	none	_	_	_	_	_	_
74-2	TO050	74	74	2	questo	questo	_	_	_	_	_	linguistic	_	none	_	_	_	_	_	_
74-3	TO050	74	74	3	discorso	discorso	_	_	_	_	_	linguistic	_	none	_	_	_	_	_	_
74-4	TO050	74	74	4	si	si	_	_	_	_	_	linguistic	_	none	_	_	_	_	_	_
74-5	TO050	74	74	5	lega	lega	_	_	_	_	_	linguistic	_	none	_	_	_	_	_	_
74-6	TO050	74	74	6	un	un	_	_	_	_	_	linguistic	_	none	_	_	_	_	_	_
74-7	TO050	74	74	7	po	po	_	_	_	_	_	linguistic	_	none	_	_	_	_	_	_
74-8	TO050	74	74	8	con	con	_	_	_	_	_	linguistic	_	none	_	_	_	_	_	_
74-9	TO050	74	74	9	la	la	_	_	_	_	_	linguistic	_	none	_	_	_	_	_	_
74-10	TO050	74	74	10	mia	mia	_	_	_	_	_	linguistic	_	none	_	_	_	_	_	_
74-11	TO050	74	74	11	crisi::	crisi	_	_	_	_	_	linguistic	_	none	_	_	4x2	_	_	_
74-12	TO050	74	74	12	de	de	_	_	_	_	_	linguistic	_	none	_	_	_	_	_	_
74-13	TO050	74	74	13	degli	degli	_	_	_	_	_	linguistic	_	none	_	_	_	_	_	_
74-14	TO050	74	74	14	ultimi	ultimi	_	_	_	_	_	linguistic	_	none	_	_	_	_	_	_
74-15	TO050	74	74	15	tre	tre	_	_	_	_	_	linguistic	_	none	_	_	_	_	_	_
74-16	TO050	74	74	16	anni	anni	_	_	_	_	_	linguistic	_	none	_	_	_	_	_	_
74-17	TO050	74	74	17	(°che	che	_	_	_	_	_	linguistic	_	none	Volume=low	_	_	_	0-3(0)	_
74-18	TO050	74	74	18	ne	ne	_	_	_	_	_	linguistic	_	none	Volume=low	_	_	_	0-2(0)	_
74-19	TO050	74	74	19	so°).	so	_	_	_	_	_	linguistic	_	none	Intonation=Falling|Volume=low	End=233.63	_	_	0-2(0)	_
75-0	TO050	75	75	0	in	in	_	_	_	_	_	linguistic	_	none	_	Begin=234.475	_	_	_	_
75-1	TO050	75	75	1	qualche	qualche	_	_	_	_	_	linguistic	_	none	_	_	_	_	_	_
75-2	TO050	75	75	2	modo.	modo	_	_	_	_	_	linguistic	_	none	Intonation=Falling	End=235.593	_	_	_	_
76-0	TO050	76	76	0	è	è	_	_	_	_	_	linguistic	_	none	_	Begin=236.446	_	_	_	_
76-1	TO050	76	76	1	il	il	_	_	_	_	_	linguistic	_	none	_	_	_	_	_	_
76-2	TO050	76	76	2	discorso	discorso	_	_	_	_	_	linguistic	_	none	_	_	_	_	_	_
76-3	TO050	76	76	3	che	che	_	_	_	_	_	linguistic	_	none	_	_	_	_	_	_
76-4	TO050	76	76	4	facevamo	facevamo	_	_	_	_	_	linguistic	_	none	_	_	_	_	_	_
76-5	TO050	76	76	5	anche	anche	_	_	_	_	_	linguistic	_	none	_	_	_	_	_	_
76-6	TO050	76	76	6	di	di	_	_	_	_	_	linguistic	_	none	_	_	_	_	_	_
76-7	TO050	76	76	7	come	come	_	_	_	_	_	linguistic	_	none	_	_	_	_	_	_
76-8	TO050	76	76	8	mi	mi	_	_	_	_	_	linguistic	_	none	_	_	_	_	_	_
76-9	TO050	76	76	9	vedevano	vedevano	_	_	_	_	_	linguistic	_	none	_	_	_	_	_	_
76-10	TO050	76	76	10	giù	giù	_	_	_	_	_	linguistic	_	none	_	_	_	_	_	_
76-11	TO050	76	76	11	di	di	_	_	_	_	_	linguistic	_	none	_	_	_	_	_	_
76-12	TO050	76	76	12	come	come	_	_	_	_	_	linguistic	_	none	_	_	_	_	_	_
76-13	TO050	76	76	13	mi:	mi	_	_	_	_	_	linguistic	_	none	ProsodicLink=Yes	_	1x1	_	_	_
76-14	TO050	76	76	14	mh	mh	_	_	_	_	_	linguistic	_	none	_	End=240.376	_	_	_	_
77-0	TO050	77	77	0	mi	mi	_	_	_	_	_	linguistic	_	none	_	Begin=240.815	_	_	_	_
77-1	TO050	77	77	1	vedevano	vedevano	_	_	_	_	_	linguistic	_	none	_	_	_	_	_	_
77-2	TO050	77	77	2	insomma	insomma	_	_	_	_	_	linguistic	_	none	_	_	_	_	_	_
77-3	TO050	77	77	3	la	la	_	_	_	_	_	linguistic	_	none	_	_	_	_	_	_
77-4	TO050	77	77	4	mia	mia	_	_	_	_	_	linguistic	_	none	_	_	_	_	_	_
77-5	TO050	77	77	5	famiglia	famiglia	_	_	_	_	_	linguistic	_	none	_	_	_	_	_	_
77-6	TO050	77	77	6	e	e	_	_	_	_	_	linguistic	_	none	_	_	_	_	_	_
77-7	TO050	77	77	7	mia	mia	_	_	_	_	_	linguistic	_	none	_	_	_	_	_	_
77-8	TO050	77	77	8	amici:	amici	_	_	_	_	_	linguistic	_	none	_	End=243.366	4x1	_	_	_
78-0	TO050	78	78	0	e	e	_	_	_	_	_	linguistic	_	none	_	Begin=243.906	_	_	_	_
78-1	TO050	78	78	1	quindi	quindi	_	_	_	_	_	linguistic	_	none	_	_	_	_	_	_
78-2	TO050	78	78	2	il	il	_	_	_	_	_	linguistic	_	none	_	_	_	_	_	_
78-3	TO050	78	78	3	fatto	fatto	_	_	_	_	_	linguistic	_	none	_	_	_	_	_	_
78-4	TO050	78	78	4	che	che	_	_	_	_	_	linguistic	_	none	_	_	_	_	_	_
78-5	TO050	78	78	5	io	io	_	_	_	_	_	linguistic	_	none	_	_	_	_	_	_
78-6	TO050	78	78	6	fossi	fossi	_	_	_	_	_	linguistic	_	none	_	_	_	_	_	_
78-7	TO050	78	78	7	ill	ill	_	_	_	_	_	linguistic	_	none	ProsodicLink=Yes	_	_	_	_	_
78-8	TO050	78	78	8	eh,	eh	_	_	_	_	_	linguistic	_	none	Intonation=WeaklyRising	End=245.761	_	_	_	_
79-0	TO050	79	79	0	quello	quello	_	_	_	_	_	linguistic	_	none	_	Begin=246.19	_	_	_	_
79-1	TO050	79	79	1	che	che	_	_	_	_	_	linguistic	_	none	_	_	_	_	_	_
79-2	TO050	79	79	2	sa	sa	_	_	_	_	_	linguistic	_	none	_	_	_	_	_	_
79-3	TO050	79	79	3	tutto	tutto	_	_	_	_	_	linguistic	_	none	_	_	_	_	_	_
79-4	TO050	79	79	4	e	e	_	_	_	_	_	linguistic	_	none	_	_	_	_	_	_
79-5	TO050	79	79	5	poi	poi	_	_	_	_	_	linguistic	_	none	_	_	_	_	_	_
79-6	TO050	79	79	6	in	in	_	_	_	_	_	linguistic	_	none	_	_	_	_	_	_
79-7	TO050	79	79	7	realtà	realtà	_	_	_	_	_	linguistic	_	none	_	_	_	_	_	_
79-8	TO050	79	79	8	alla	alla	_	_	_	_	_	linguistic	_	none	_	_	_	_	_	_
79-9	TO050	79	79	9	fine	fine	_	_	_	_	_	linguistic	_	none	_	_	_	_	_	_
79-10	TO050	79	79	10	io	io	_	_	_	_	_	linguistic	_	none	_	_	_	_	_	_
79-11	TO050	79	79	11	mi	mi	_	_	_	_	_	linguistic	_	none	_	_	_	_	_	_
79-12	TO050	79	79	12	sono	sono	_	_	_	_	_	linguistic	_	none	_	_	_	_	_	_
79-13	TO050	79	79	13	accorto	accorto	_	_	_	_	_	linguistic	_	none	_	_	_	_	_	_
79-14	TO050	79	79	14	di	di	_	_	_	_	_	linguistic	_	none	_	_	_	_	_	_
79-15	TO050	79	79	15	non	non	_	_	_	_	_	linguistic	_	none	_	_	_	_	_	_
79-16	TO050	79	79	16	sapere	sapere	_	_	_	_	_	linguistic	_	none	_	_	_	_	_	_
79-17	TO050	79	79	17	nulla	nulla	_	_	_	_	_	linguistic	_	none	_	_	_	_	_	_
79-18	TO050	79	79	18	o	o	_	_	_	_	_	linguistic	_	none	_	_	_	_	_	_
79-19	TO050	79	79	19	meglio	meglio	_	_	_	_	_	linguistic	_	none	_	_	_	_	_	_
79-20	TO050	79	79	20	ho	ho	_	_	_	_	_	linguistic	_	none	_	_	_	_	_	_
79-21	TO050	79	79	21	percepito,	percepito	_	_	_	_	_	linguistic	_	none	Intonation=WeaklyRising	End=251.816	_	_	_	_
80-0	TO050	80	80	0	una	una	_	_	_	_	_	linguistic	_	none	_	Begin=252.891	_	_	_	_
80-1	TO050	80	80	1	totale:	totale	_	_	_	_	_	linguistic	_	none	_	_	5x1	_	_	_
80-2	TO050	80	80	2	incapacità	incapacità	_	_	_	_	_	linguistic	_	none	_	_	_	_	_	_
80-3	TO050	80	80	3	inadeguatezza	inadeguatezza	_	_	_	_	_	linguistic	_	none	_	_	_	_	_	_
80-4	TO050	80	80	4	e::	e	_	_	_	_	_	linguistic	_	none	_	_	0x2	_	_	_
80-5	TO050	80	80	5	ignoranza	ignoranza	_	_	_	_	_	linguistic	_	none	_	_	_	_	_	_
80-6	TO050	80	80	6	verso	verso	_	_	_	_	_	linguistic	_	none	_	_	_	_	_	_
80-7	TO050	80	80	7	certe	certe	_	_	_	_	_	linguistic	_	none	_	_	_	_	_	_
80-8	TO050	80	80	8	cose.	cose	_	_	_	_	_	linguistic	_	none	Intonation=Falling	End=257.43	_	_	_	_
81-0	TO050	81	81	0	da	da	_	_	_	_	_	linguistic	_	none	_	Begin=259.313	_	_	_	_
81-1	TO050	81	81	1	un	un	_	_	_	_	_	linguistic	_	none	_	_	_	_	_	_
81-2	TO050	81	81	2	lato	lato	_	_	_	_	_	linguistic	_	none	_	_	_	_	_	_
81-3	TO050	81	81	3	totalmente::	totalmente	_	_	_	_	_	linguistic	_	none	PauseAfter=Yes	_	9x2	_	_	_
81-4	TO050	81	81	4	{P}	{P}	_	_	_	_	_	shortpause	_	none	_	_	_	_	_	_
81-5	TO050	81	81	5	dallaltro	dallaltro	_	_	_	_	_	linguistic	_	none	_	_	_	_	_	_
81-6	TO050	81	81	6	lato	lato	_	_	_	_	_	linguistic	_	none	_	_	_	_	_	_
81-7	TO050	81	81	7	cioè	cioè	_	_	_	_	_	linguistic	_	none	_	_	_	_	_	_
81-8	TO050	81	81	8	estremo	estremo	_	_	_	_	_	linguistic	_	none	_	_	_	_	_	_
81-9	TO050	81	81	9	e	e	_	_	_	_	_	linguistic	_	none	_	_	_	_	_	_
81-10	TO050	81	81	10	quindi	quindi	_	_	_	_	_	linguistic	_	none	_	_	_	_	_	_
81-11	TO050	81	81	11	in	in	_	_	_	_	_	linguistic	_	none	_	_	_	_	_	_
81-12	TO050	81	81	12	realtà,	realtà	_	_	_	_	_	linguistic	_	none	Intonation=WeaklyRising	End=263.733	_	_	_	_
82-0	TO050	82	82	0	(si)	si	_	_	_	_	_	linguistic	_	none	_	Begin=266.676	_	_	0-2(0)	_
82-1	TO050	82	82	1	è	è	_	_	_	_	_	linguistic	_	none	_	_	_	_	_	_
82-2	TO050	82	82	2	portato	portato	_	_	_	_	_	linguistic	_	none	_	_	_	_	_	_
82-3	TO050	82	82	3	un	un	_	_	_	_	_	linguistic	_	none	_	_	_	_	_	_
82-4	TO050	82	82	4	sacco	sacco	_	_	_	_	_	linguistic	_	none	_	_	_	_	_	_
82-5	TO050	82	82	5	di	di	_	_	_	_	_	linguistic	_	none	_	_	_	_	_	_
82-6	TO050	82	82	6	conseguenze	conseguenze	_	_	_	_	_	linguistic	_	none	_	_	_	_	_	_
82-7	TO050	82	82	7	questa	questa	_	_	_	_	_	linguistic	_	none	_	_	_	_	_	_
82-8	TO050	82	82	8	cosa	cosa	_	_	_	_	_	linguistic	_	none	_	_	_	_	_	_
82-9	TO050	82	82	9	effettivamente.	effettivamente	_	_	_	_	_	linguistic	_	none	Intonation=Falling	End=270.061	_	_	_	_
83-0	TO050	83	83	0	°che,°	che	_	_	_	_	_	linguistic	_	none	Intonation=WeaklyRising|Volume=low	Begin=271.198|End=271.761	_	_	_	_
84-0	TO050	84	84	0	vabbè	vabbè	_	_	_	_	_	linguistic	_	none	_	Begin=274.9	_	_	_	_
84-1	TO050	84	84	1	comunque	comunque	_	_	_	_	_	linguistic	_	none	_	_	_	_	_	_
84-2	TO050	84	84	2	(adesso)	adesso	_	_	_	_	_	linguistic	_	none	_	_	_	_	0-6(0)	_
84-3	TO050	84	84	3	è	è	_	_	_	_	_	linguistic	_	none	_	_	_	_	_	_
84-4	TO050	84	84	4	sempre	sempre	_	_	_	_	_	linguistic	_	none	_	_	_	_	_	_
84-5	TO050	84	84	5	il	il	_	_	_	_	_	linguistic	_	none	_	_	_	_	_	_
84-6	TO050	84	84	6	solito	solito	_	_	_	_	_	linguistic	_	none	_	_	_	_	_	_
84-7	TO050	84	84	7	discorso	discorso	_	_	_	_	_	linguistic	_	none	_	_	_	_	_	_
84-8	TO050	84	84	8	in	in	_	_	_	_	_	linguistic	_	none	_	_	_	_	_	_
84-9	TO050	84	84	9	cui	cui	_	_	_	_	_	linguistic	_	none	_	_	_	_	_	_
84-10	TO050	84	84	10	adesso	adesso	_	_	_	_	_	linguistic	_	none	_	_	_	_	_	_
84-11	TO050	84	84	11	io	io	_	_	_	_	_	linguistic	_	none	PauseAfter=Yes	_	_	_	_	_
84-12	TO050	84	84	12	{P}	{P}	_	_	_	_	_	shortpause	_	none	_	_	_	_	_	_
84-13	TO050	84	84	13	e:h	eh	_	_	_	_	_	linguistic	_	none	_	_	0x1	_	_	_
84-14	TO050	84	84	14	proietto	proietto	_	_	_	_	_	linguistic	_	none	_	_	_	_	_	_
84-15	TO050	84	84	15	su	su	_	_	_	_	_	linguistic	_	none	_	_	_	_	_	_
84-16	TO050	84	84	16	di	di	_	_	_	_	_	linguistic	_	none	_	_	_	_	_	_
84-17	TO050	84	84	17	me::	me	_	_	_	_	_	linguistic	_	none	_	_	1x2	_	_	_
84-18	TO050	84	84	18	i	i	_	_	_	_	_	linguistic	_	none	_	_	_	_	_	_
84-19	TO050	84	84	19	discorsi	discorsi	_	_	_	_	_	linguistic	_	none	_	_	_	_	_	_
84-20	TO050	84	84	20	che	che	_	_	_	_	_	linguistic	_	none	_	_	_	_	_	_
84-21	TO050	84	84	21	facciamo	facciamo	_	_	_	_	_	linguistic	_	none	_	_	_	_	_	_
84-22	TO050	84	84	22	effetti[vame(nte)].	effettivamente	_	_	_	_	_	linguistic	_	none	Intonation=Falling	End=282.798	_	_	11-14(1)	7-14(13)
85-0	TO049	85	85	0	[no	no	_	_	_	_	_	linguistic	_	none	_	Begin=282.026	_	_	_	0-2(13)
85-1	TO049	85	85	1	vabbè	vabbè	_	_	_	_	_	linguistic	_	none	_	_	_	_	_	0-5(13)
85-2	TO049	85	85	2	io]	io	_	_	_	_	_	linguistic	_	none	_	_	_	_	_	0-2(13)
85-3	TO049	85	85	3	avevo	avevo	_	_	_	_	_	linguistic	_	none	_	_	_	_	_	_
85-4	TO049	85	85	4	proiettato	proiettato	_	_	_	_	_	linguistic	_	none	_	_	_	_	_	_
85-5	TO049	85	85	5	[su	su	_	_	_	_	_	linguistic	_	none	_	_	_	_	_	0-2(14)
85-6	TO049	85	85	6	di	di	_	_	_	_	_	linguistic	_	none	_	_	_	_	_	0-2(14)
85-7	TO049	85	85	7	no]n	non	_	_	_	_	_	linguistic	_	none	_	_	_	_	_	0-2(14)
85-8	TO049	85	85	8	giudicato	giudicato	_	_	_	_	_	linguistic	_	none	_	_	_	_	_	_
85-9	TO049	85	85	9	nel	nel	_	_	_	_	_	linguistic	_	none	_	_	_	_	_	_
85-10	TO049	85	85	10	senso	senso	_	_	_	_	_	linguistic	_	none	_	_	_	_	_	_
85-11	TO049	85	85	11	che	che	_	_	_	_	_	linguistic	_	none	_	_	_	_	_	_
85-12	TO049	85	85	12	[xx	xx	_	_	_	_	_	unknown	_	none	Syllables=2	_	_	_	_	0-2(15)
85-13	TO049	85	85	13	(normale)]	normale	_	_	_	_	_	linguistic	_	none	_	_	_	_	0-7(0)	0-7(15)
85-14	TO049	85	85	14	che	che	_	_	_	_	_	linguistic	_	none	_	_	_	_	_	_
85-15	TO049	85	85	15	avevo	avevo	_	_	_	_	_	linguistic	_	none	_	_	_	_	_	_
85-16	TO049	85	85	16	già	già	_	_	_	_	_	linguistic	_	none	_	_	_	_	_	_
85-17	TO049	85	85	17	visto	visto	_	_	_	_	_	linguistic	_	none	_	_	_	_	_	_
85-18	TO049	85	85	18	questa	questa	_	_	_	_	_	linguistic	_	none	_	_	_	_	_	_
85-19	TO049	85	85	19	[cosa	cosa	_	_	_	_	_	linguistic	_	none	_	_	_	_	_	0-4(12)
85-20	TO049	85	85	20	che	che	_	_	_	_	_	linguistic	_	none	_	_	_	_	_	0-3(12)
85-21	TO049	85	85	21	mi	mi	_	_	_	_	_	linguistic	_	none	_	_	_	_	_	0-2(12)
85-22	TO049	85	85	22	sembrava],	sembrava	_	_	_	_	_	linguistic	_	none	Intonation=WeaklyRising	End=288.788	_	_	_	0-8(12)
86-0	TO050	86	86	0	[mhmh].	mhmh	_	_	_	_	_	linguistic	_	none	Intonation=Falling	Begin=283.501|End=283.966	_	_	_	0-4(14)
87-0	TO050	87	87	0	[no	no	_	_	_	_	_	linguistic	_	none	_	Begin=284.611	_	_	_	0-2(15)
87-1	TO050	87	87	1	no	no	_	_	_	_	_	linguistic	_	none	_	_	_	_	_	0-2(15)
87-2	TO050	87	87	2	ma	ma	_	_	_	_	_	linguistic	_	none	_	_	_	_	_	0-2(15)
87-3	TO050	87	87	3	è	è	_	_	_	_	_	linguistic	_	none	_	_	_	_	_	0-1(15)
87-4	TO050	87	87	4	giusto].	giusto	_	_	_	_	_	linguistic	_	none	Intonation=Falling	End=285.88	_	_	_	0-6(15)
88-0	TO050	88	88	0	[esatto	esatto	_	_	_	_	_	linguistic	_	none	_	Begin=287.806	_	_	_	0-6(12)
88-1	TO050	88	88	1	una	una	_	_	_	_	_	linguistic	_	none	_	_	_	_	_	0-3(12)
88-2	TO050	88	88	2	dina]mica::	dinamica	_	_	_	_	_	linguistic	_	none	_	_	7x2	_	_	0-4(12)
88-3	TO050	88	88	3	[xx].	xx	_	_	_	_	_	linguistic	_	none	Intonation=Falling	End=290.247	_	_	_	0-2(16)
89-0	TO049	89	89	0	[normalissimo	normalissimo	_	_	_	_	_	linguistic	_	none	_	Begin=289.411	_	_	_	0-12(16)
89-1	TO049	89	89	1	che	che	_	_	_	_	_	linguistic	_	none	_	_	_	_	_	0-3(16)
89-2	TO049	89	89	2	lui	lui	_	_	_	_	_	linguistic	_	none	_	_	_	_	_	0-3(16)
89-3	TO049	89	89	3	ci]	ci	_	_	_	_	_	linguistic	_	none	_	_	_	_	_	0-2(16)
89-4	TO049	89	89	4	fosse	fosse	_	_	_	_	_	linguistic	_	none	_	_	_	_	_	_
89-5	TO049	89	89	5	xx	xx	_	_	_	_	_	unknown	_	none	Syllables=2	_	_	_	_	_
89-6	TO049	89	89	6	xx	xx	_	_	_	_	_	unknown	_	none	Syllables=2	_	_	_	_	_
89-7	TO049	89	89	7	[perché].	perché	_	_	_	_	_	linguistic	_	none	Intonation=Falling	End=292.403	_	_	_	0-6(17)
90-0	TO050	90	90	0	[esatto].	esatto	_	_	_	_	_	linguistic	_	none	Intonation=Falling	Begin=291.815|End=292.403	_	_	_	0-6(17)
91-0	TO049	91	91	0	quando	quando	_	_	_	_	_	linguistic	_	none	_	Begin=292.53	_	_	_	_
91-1	TO049	91	91	1	una	una	_	_	_	_	_	linguistic	_	none	_	_	_	_	_	_
91-2	TO049	91	91	2	persona,	persona	_	_	_	_	_	linguistic	_	none	Intonation=WeaklyRising	End=293.422	_	_	_	_
92-0	TO049	92	92	0	che	che	_	_	_	_	_	linguistic	_	none	_	Begin=293.705	_	_	_	_
92-1	TO049	92	92	1	ti	ti	_	_	_	_	_	linguistic	_	none	_	_	_	_	_	_
92-2	TO049	92	92	2	conosce,	conosce	_	_	_	_	_	linguistic	_	none	Intonation=WeaklyRising	End=294.808	_	_	_	_
93-0	TO049	93	93	0	sembra	sembra	_	_	_	_	_	linguistic	_	none	_	Begin=295.21	_	_	_	_
93-1	TO049	93	93	1	non	non	_	_	_	_	_	linguistic	_	none	_	_	_	_	_	_
93-2	TO049	93	93	2	conoscerti,	conoscerti	_	_	_	_	_	linguistic	_	none	Intonation=WeaklyRising	End=296.844	_	_	_	_
94-0	TO049	94	94	0	[ciè	ciè	_	_	_	_	_	linguistic	_	none	_	Begin=297.09	_	_	_	0-3(18)
94-1	TO049	94	94	1	sembra	sembra	_	_	_	_	_	linguistic	_	none	_	_	_	_	_	0-6(18)
94-2	TO049	94	94	2	proprio	proprio	_	_	_	_	_	linguistic	_	none	_	_	_	_	_	0-7(18)
94-3	TO049	94	94	3	e	e	_	_	_	_	_	linguistic	_	none	_	_	_	_	_	0-1(18)
94-4	TO049	94	94	4	poi],	poi	_	_	_	_	_	linguistic	_	none	Intonation=WeaklyRising	End=298.924	_	_	_	0-3(18)
95-0	TO050	95	95	0	[>xx	xx	_	_	_	_	_	unknown	_	none	Syllables=2	Begin=297.09	_	Fast=0-2(0)	_	0-2(18)
95-1	TO050	95	95	1	perché	perché	_	_	_	_	_	linguistic	_	none	_	_	_	Fast=0-6(0)	_	0-6(18)
95-2	TO050	95	95	2	appunto	appunto	_	_	_	_	_	linguistic	_	none	_	_	_	Fast=0-7(0)	_	0-7(18)
95-3	TO050	95	95	3	quelle	quelle	_	_	_	_	_	linguistic	_	none	_	_	_	Fast=0-6(0)	_	0-6(18)
95-4	TO050	95	95	4	cose	cose	_	_	_	_	_	linguistic	_	none	_	_	_	Fast=0-4(0)	_	0-4(18)
95-5	TO050	95	95	5	che]	che	_	_	_	_	_	linguistic	_	none	_	_	_	Fast=0-3(0)	_	0-3(18)
95-6	TO050	95	95	6	me	me	_	_	_	_	_	linguistic	_	none	_	_	_	Fast=0-2(0)	_	_
95-7	TO050	95	95	7	la	la	_	_	_	_	_	linguistic	_	none	_	_	_	Fast=0-2(0)	_	_
95-8	TO050	95	95	8	sono	sono	_	_	_	_	_	linguistic	_	none	_	_	_	Fast=0-4(0)	_	_
95-9	TO050	95	95	9	presa	presa	_	_	_	_	_	linguistic	_	none	_	_	_	Fast=0-5(0)	_	_
95-10	TO050	95	95	10	con	con	_	_	_	_	_	linguistic	_	none	_	_	_	Fast=0-3(0)	_	_
95-11	TO050	95	95	11	melania	melania	_	_	_	_	_	linguistic	_	none	_	_	_	Fast=0-7(0)	_	_
95-12	TO050	95	95	12	anche	anche	_	_	_	_	_	linguistic	_	none	_	_	_	Fast=0-5(0)	_	_
95-13	TO050	95	95	13	se	se	_	_	_	_	_	linguistic	_	none	_	_	_	Fast=0-2(0)	_	_
95-14	TO050	95	95	14	in	in	_	_	_	_	_	linguistic	_	none	_	_	_	Fast=0-2(0)	_	_
95-15	TO050	95	95	15	realtà	realtà	_	_	_	_	_	linguistic	_	none	_	_	_	Fast=0-6(0)	_	_
95-16	TO050	95	95	16	appunto	appunto	_	_	_	_	_	linguistic	_	none	_	_	_	Fast=0-7(0)	_	_
95-17	TO050	95	95	17	n~	n~	_	_	_	_	_	linguistic	_	none	Interrupted=Yes	_	_	Fast=0-2(0)	_	_
95-18	TO050	95	95	18	erano	erano	_	_	_	_	_	linguistic	_	none	_	_	_	Fast=0-5(0)	_	_
95-19	TO050	95	95	19	delle:<,	delle	_	_	_	_	_	linguistic	_	none	Intonation=WeaklyRising	End=302.743	4x1	Fast=0-5(0)	_	_
96-0	TO050	96	96	0	>le	le	_	_	_	_	_	linguistic	_	none	_	Begin=303.145	_	Fast=0-2(0)	_	_
96-1	TO050	96	96	1	cose	cose	_	_	_	_	_	linguistic	_	none	_	_	_	Fast=0-4(0)	_	_
96-2	TO050	96	96	2	totalmente::	totalmente	_	_	_	_	_	linguistic	_	none	_	_	9x2	Fast=0-10(0)	_	_
96-3	TO050	96	96	3	superficiali	superficiali	_	_	_	_	_	linguistic	_	none	_	_	_	Fast=0-12(0)	_	_
96-4	TO050	96	96	4	cioè	cioè	_	_	_	_	_	linguistic	_	none	_	_	_	Fast=0-4(0)	_	_
96-5	TO050	96	96	5	ma	ma	_	_	_	_	_	linguistic	_	none	_	_	_	Fast=0-2(0)	_	_
96-6	TO050	96	96	6	de~	de~	_	_	_	_	_	linguistic	_	none	Interrupted=Yes	_	_	Fast=0-3(0)	_	_
96-7	TO050	96	96	7	neanche	neanche	_	_	_	_	_	linguistic	_	none	_	_	_	Fast=0-7(0)	_	_
96-8	TO050	96	96	8	delle	delle	_	_	_	_	_	linguistic	_	none	_	_	_	Fast=0-5(0)	_	_
96-9	TO050	96	96	9	critiche	critiche	_	_	_	_	_	linguistic	_	none	_	_	_	Fast=0-8(0)	_	_
96-10	TO050	96	96	10	erano	erano	_	_	_	_	_	linguistic	_	none	_	_	_	Fast=0-5(0)	_	_
96-11	TO050	96	96	11	delle:	delle	_	_	_	_	_	linguistic	_	none	_	_	4x1	Fast=0-5(0)	_	_
96-12	TO050	96	96	12	notazioni	notazioni	_	_	_	_	_	linguistic	_	none	_	_	_	Fast=0-9(0)	_	_
96-13	TO050	96	96	13	che	che	_	_	_	_	_	linguistic	_	none	_	_	_	Fast=0-3(0)	_	_
96-14	TO050	96	96	14	però	però	_	_	_	_	_	linguistic	_	none	_	_	_	Fast=0-4(0)	_	_
96-15	TO050	96	96	15	in	in	_	_	_	_	_	linguistic	_	none	_	_	_	Fast=0-2(0)	_	_
96-16	TO050	96	96	16	quel	quel	_	_	_	_	_	linguistic	_	none	_	_	_	Fast=0-4(0)	_	_
96-17	TO050	96	96	17	momento	momento	_	_	_	_	_	linguistic	_	none	_	_	_	Fast=0-7(0)	_	_
96-18	TO050	96	96	18	ti	ti	_	_	_	_	_	linguistic	_	none	_	_	_	Fast=0-2(0)	_	_
96-19	TO050	96	96	19	danno	danno	_	_	_	_	_	linguistic	_	none	_	_	_	Fast=0-5(0)	_	_
96-20	TO050	96	96	20	molto	molto	_	_	_	_	_	linguistic	_	none	_	_	_	Fast=0-5(0)	_	_
96-21	TO050	96	96	21	fastidio	fastidio	_	_	_	_	_	linguistic	_	none	_	_	_	Fast=0-8(0)	_	_
96-22	TO050	96	96	22	quindi	quindi	_	_	_	_	_	linguistic	_	none	_	_	_	Fast=0-6(0)	_	_
96-23	TO050	96	96	23	poi	poi	_	_	_	_	_	linguistic	_	none	_	_	_	Fast=0-3(0)	_	_
96-24	TO050	96	96	24	io	io	_	_	_	_	_	linguistic	_	none	_	_	_	Fast=0-2(0)	_	_
96-25	TO050	96	96	25	mi	mi	_	_	_	_	_	linguistic	_	none	_	_	_	Fast=0-2(0)	_	_
96-26	TO050	96	96	26	sono	sono	_	_	_	_	_	linguistic	_	none	_	_	_	Fast=0-4(0)	_	_
96-27	TO050	96	96	27	chiesto	chiesto	_	_	_	_	_	linguistic	_	none	_	_	_	Fast=0-7(0)	_	_
96-28	TO050	96	96	28	ma	ma	_	_	_	_	_	linguistic	_	none	_	_	_	Fast=0-2(0)	_	_
96-29	TO050	96	96	29	perché	perché	_	_	_	_	_	linguistic	_	none	_	_	_	Fast=0-6(0)	_	_
96-30	TO050	96	96	30	mi	mi	_	_	_	_	_	linguistic	_	none	_	_	_	Fast=0-2(0)	_	_
96-31	TO050	96	96	31	sta	sta	_	_	_	_	_	linguistic	_	none	_	_	_	Fast=0-3(0)	_	_
96-32	TO050	96	96	32	dando	dando	_	_	_	_	_	linguistic	_	none	_	_	_	Fast=0-5(0)	_	_
96-33	TO050	96	96	33	fastidio	fastidio	_	_	_	_	_	linguistic	_	none	_	_	_	Fast=0-8(0)	_	_
96-34	TO050	96	96	34	cioè	cioè	_	_	_	_	_	linguistic	_	none	_	_	_	Fast=0-4(0)	_	_
96-35	TO050	96	96	35	che<,	che	_	_	_	_	_	linguistic	_	none	Intonation=WeaklyRising	End=313.513	_	Fast=0-3(0)	_	_
97-0	TO050	97	97	0	non	non	_	_	_	_	_	linguistic	_	none	_	Begin=314.97	_	_	_	_
97-1	TO050	97	97	1	dovrei	dovrei	_	_	_	_	_	linguistic	_	none	_	_	_	_	_	_
97-2	TO050	97	97	2	incazzarmi	incazzarmi	_	_	_	_	_	linguistic	_	none	_	_	_	_	_	_
97-3	TO050	97	97	3	per	per	_	_	_	_	_	linguistic	_	none	_	_	_	_	_	_
97-4	TO050	97	97	4	questa	questa	_	_	_	_	_	linguistic	_	none	_	_	_	_	_	_
97-5	TO050	97	97	5	cosa	cosa	_	_	_	_	_	linguistic	_	none	_	_	_	_	_	_
97-6	TO050	97	97	6	non	non	_	_	_	_	_	linguistic	_	none	_	_	_	_	_	_
97-7	TO050	97	97	7	dovrei	dovrei	_	_	_	_	_	linguistic	_	none	_	_	_	_	_	_
97-8	TO050	97	97	8	nemmeno:	nemmeno	_	_	_	_	_	linguistic	_	none	_	_	6x1	_	_	_
97-9	TO050	97	97	9	mettermi	mettermi	_	_	_	_	_	linguistic	_	none	_	_	_	_	_	_
97-10	TO050	97	97	10	a	a	_	_	_	_	_	linguistic	_	none	_	_	_	_	_	_
97-11	TO050	97	97	11	ragionare	ragionare	_	_	_	_	_	linguistic	_	none	_	_	_	_	_	_
97-12	TO050	97	97	12	su	su	_	_	_	_	_	linguistic	_	none	_	_	_	_	_	_
97-13	TO050	97	97	13	questa	questa	_	_	_	_	_	linguistic	_	none	_	_	_	_	_	_
97-14	TO050	97	97	14	cosa	cosa	_	_	_	_	_	linguistic	_	none	_	_	_	_	_	_
97-15	TO050	97	97	15	però,	però	_	_	_	_	_	linguistic	_	none	Intonation=WeaklyRising	End=319.559	_	_	_	_
98-0	TO049	98	98	0	però,	però	_	_	_	_	_	linguistic	_	none	Intonation=WeaklyRising	Begin=319.558	_	_	_	_
98-1	TO049	98	98	1	[è	è	_	_	_	_	_	linguistic	_	none	_	_	_	_	_	0-1(20)
98-2	TO049	98	98	2	normale	normale	_	_	_	_	_	linguistic	_	none	PauseAfter=Yes	_	_	_	_	0-7(20)
98-3	TO049	98	98	3	{P}	{P}	_	_	_	_	_	shortpause	_	none	_	_	_	_	_	0-3(20)
98-4	TO049	98	98	4	p]erché	perché	_	_	_	_	_	linguistic	_	none	_	_	_	_	_	0-1(20)
98-5	TO049	98	98	5	intacc[ano].	intaccano	_	_	_	_	_	linguistic	_	none	Intonation=Falling	End=321.453	_	_	_	6-9(21)
99-0	TO050	99	99	0	[che	che	_	_	_	_	_	linguistic	_	none	_	Begin=319.713	_	_	_	0-3(20)
99-1	TO050	99	99	1	xxx].	xxx	_	_	_	_	_	linguistic	_	none	Intonation=Falling	End=320.559	_	_	_	0-3(20)
100-0	TO050	100	100	0	[esa]tto.	esatto	_	_	_	_	_	linguistic	_	none	Intonation=Falling	Begin=321.255|End=321.908	_	_	_	0-3(21)
101-0	TO049	101	101	0	dei	dei	_	_	_	_	_	linguistic	_	none	_	Begin=321.906	_	_	_	_
101-1	TO049	101	101	1	processi,	processi	_	_	_	_	_	linguistic	_	none	Intonation=WeaklyRising	End=322.88	_	_	_	_
102-0	TO049	102	102	0	tuoi.	tuoi	_	_	_	_	_	linguistic	_	none	Intonation=Falling	Begin=323.385|End=323.77	_	_	_	_
103-0	TO050	103	103	0	°sì.°	sì	_	_	_	_	_	linguistic	_	none	Intonation=Falling|Volume=low	Begin=324.841|End=325.213	_	_	_	_
104-0	TO049	104	104	0	°mh	mh	_	_	_	_	_	linguistic	_	none	Volume=low	Begin=326.788	_	_	_	_
104-1	TO049	104	104	1	in	in	_	_	_	_	_	linguistic	_	none	Volume=low	_	_	_	_	_
104-2	TO049	104	104	2	tutto	tutto	_	_	_	_	_	linguistic	_	none	Volume=low	_	_	_	_	_
104-3	TO049	104	104	3	questo	questo	_	_	_	_	_	linguistic	_	none	Volume=low	_	_	_	_	_
104-4	TO049	104	104	4	era:,°	era	_	_	_	_	_	linguistic	_	none	Intonation=WeaklyRising|Volume=low	End=328.348	2x1	_	_	_
105-0	TO050	105	105	0	°eh°	eh	_	_	_	_	_	linguistic	_	none	Volume=low	Begin=328.556|End=328.855	_	_	_	_
106-0	TO050	106	106	0	che	che	_	_	_	_	_	linguistic	_	none	_	Begin=329.246	_	_	_	_
106-1	TO050	106	106	1	palle	palle	_	_	_	_	_	linguistic	_	none	_	_	_	_	_	_
106-2	TO050	106	106	2	la	la	_	_	_	_	_	linguistic	_	none	_	_	_	_	_	_
106-3	TO050	106	106	3	complessità.	complessità	_	_	_	_	_	linguistic	_	none	Intonation=Falling	End=330.741	_	_	_	_
107-0	TO049	107	107	0	°xxxxx[xxx]xxxx°	xxxxxxxxxxxx	_	_	_	_	_	unknown	_	none	Volume=low|Syllables=12	Begin=331.831|End=335.284	_	_	_	5-8(23)
108-0	TO050	108	108	0	[°esatto.°]	esatto	_	_	_	_	_	linguistic	_	none	Intonation=Falling|Volume=low	Begin=334.183|End=334.862	_	_	_	0-6(23)
109-0	TO049	109	109	0	°xxx°	xxx	_	_	_	_	_	unknown	_	none	Volume=low|Syllables=3	Begin=335.316|End=336.05	_	_	_	_
110-0	TO050	110	110	0	dovremmo	dovremmo	_	_	_	_	_	linguistic	_	none	_	Begin=337.163	_	_	_	_
110-1	TO050	110	110	1	m:h	mh	_	_	_	_	_	linguistic	_	none	_	_	0x1	_	_	_
110-2	TO050	110	110	2	semplicemente	semplicemente	_	_	_	_	_	linguistic	_	none	_	_	_	_	_	_
110-3	TO050	110	110	3	occuparci	occuparci	_	_	_	_	_	linguistic	_	none	_	_	_	_	_	_
110-4	TO050	110	110	4	di	di	_	_	_	_	_	linguistic	_	none	_	_	_	_	_	_
110-5	TO050	110	110	5	xx	xx	_	_	_	_	_	unknown	_	none	Syllables=2	_	_	_	_	_
110-6	TO050	110	110	6	figurati.	figurati	_	_	_	_	_	linguistic	_	none	Intonation=Falling	End=340.43	_	_	_	_
111-0	TO049	111	111	0	di	di	_	_	_	_	_	linguistic	_	none	_	Begin=340.99	_	_	_	_
111-1	TO049	111	111	1	maramao.	maramao	_	_	_	_	_	linguistic	_	none	Intonation=Falling	End=341.954	_	_	_	_
112-0	TO050	112	112	0	maramao	maramao	_	_	_	_	_	linguistic	_	none	_	Begin=342.336	_	_	_	_
112-1	TO050	112	112	1	perché	perché	_	_	_	_	_	linguistic	_	none	_	_	_	_	_	_
112-2	TO050	112	112	2	sei	sei	_	_	_	_	_	linguistic	_	none	_	_	_	_	_	_
112-3	TO050	112	112	3	mor[to].	morto	_	_	_	_	_	linguistic	_	none	Intonation=Falling	End=343.753	_	_	_	3-5(24)
113-0	TO049	113	113	0	[di	di	_	_	_	_	_	linguistic	_	none	_	Begin=343.603	_	_	_	0-2(24)
113-1	TO049	113	113	1	ma]rramao.	marramao	_	_	_	_	_	linguistic	_	none	Intonation=Falling	End=344.518	_	_	_	0-2(24)
114-0	TO050	114	114	0	di	di	_	_	_	_	_	linguistic	_	none	_	Begin=344.705	_	_	_	_
114-1	TO050	114	114	1	marramao.	marramao	_	_	_	_	_	linguistic	_	none	Intonation=Falling	End=345.495	_	_	_	_
115-0	TO050	115	115	0	dovrebbe	dovrebbe	_	_	_	_	_	linguistic	_	none	_	Begin=346.383	_	_	_	_
115-1	TO050	115	115	1	essere	essere	_	_	_	_	_	linguistic	_	none	_	_	_	_	_	_
115-2	TO050	115	115	2	il	il	_	_	_	_	_	linguistic	_	none	_	_	_	_	_	_
115-3	TO050	115	115	3	mio	mio	_	_	_	_	_	linguistic	_	none	_	_	_	_	_	_
115-4	TO050	115	115	4	nickname	nickname	_	_	_	_	_	linguistic	_	none	_	_	_	_	_	_
115-5	TO050	115	115	5	marramao	marramao	_	_	_	_	_	linguistic	_	none	_	_	_	_	_	_
115-6	TO050	115	115	6	comunque	comunque	_	_	_	_	_	linguistic	_	none	PauseAfter=Yes	_	_	_	_	_
115-7	TO050	115	115	7	{P}	{P}	_	_	_	_	_	shortpause	_	none	_	_	_	_	_	_
115-8	TO050	115	115	8	forse	forse	_	_	_	_	_	linguistic	_	none	_	_	_	_	_	_
115-9	TO050	115	115	9	(è	è	_	_	_	_	_	linguistic	_	none	_	_	_	_	0-1(0)	_
115-10	TO050	115	115	10	registrato).	registrato	_	_	_	_	_	linguistic	_	none	Intonation=Falling	End=350.075	_	_	0-10(0)	_
116-0	TO049	116	116	0	(dopo	dopo	_	_	_	_	_	linguistic	_	none	_	Begin=350.62	_	_	0-4(0)	_
116-1	TO049	116	116	1	xx.)	xx	_	_	_	_	_	linguistic	_	none	Intonation=Falling	End=351.512	_	_	0-2(0)	_
117-0	TO050	117	117	0	che	che	_	_	_	_	_	linguistic	_	none	_	Begin=352.236	_	_	_	_
117-1	TO050	117	117	1	poi	poi	_	_	_	_	_	linguistic	_	none	_	_	_	_	_	_
117-2	TO050	117	117	2	mao	mao	_	_	_	_	_	linguistic	_	none	_	_	_	_	_	_
117-3	TO050	117	117	3	mao	mao	_	_	_	_	_	linguistic	_	none	_	_	_	_	_	_
117-4	TO050	117	117	4	per	per	_	_	_	_	_	linguistic	_	none	_	_	_	_	_	_
117-5	TO050	117	117	5	me	me	_	_	_	_	_	linguistic	_	none	_	_	_	_	_	_
117-6	TO050	117	117	6	sono	sono	_	_	_	_	_	linguistic	_	none	_	_	_	_	_	_
117-7	TO050	117	117	7	i	i	_	_	_	_	_	linguistic	_	none	_	_	_	_	_	_
117-8	TO050	117	117	8	napulicchi.	napulicchi	_	_	_	_	_	linguistic	_	none	Intonation=Falling	End=354.708	_	_	_	_
118-0	TO049	118	118	0	che	che	_	_	_	_	_	linguistic	_	none	_	Begin=355.356	_	_	_	_
118-1	TO049	118	118	1	sono	sono	_	_	_	_	_	linguistic	_	none	_	_	_	_	_	_
118-2	TO049	118	118	2	i	i	_	_	_	_	_	linguistic	_	none	_	_	_	_	_	_
118-3	TO049	118	118	3	napu[li(cchi)].	napulicchi	_	_	_	_	_	linguistic	_	none	Intonation=Falling	End=356.426	_	_	6-10(0)	4-10(25)
119-0	TO050	119	119	0	[i	i	_	_	_	_	_	linguistic	_	none	_	Begin=355.844	_	_	_	0-1(25)
119-1	TO050	119	119	1	cuozzi].	cuozzi	_	_	_	_	_	linguistic	_	none	Intonation=Falling	End=356.436	_	_	_	0-6(25)
120-0	TO050	120	120	0	i:::	i	_	_	_	_	_	linguistic	_	none	_	Begin=356.961	0x3	_	_	_
120-1	TO050	120	120	1	na:~	na~	_	_	_	_	_	linguistic	_	none	Interrupted=Yes	_	1x1	_	_	_
120-2	TO050	120	120	2	napoletani	napoletani	_	_	_	_	_	linguistic	_	none	_	_	_	_	_	_
120-3	TO050	120	120	3	che	che	_	_	_	_	_	linguistic	_	none	_	_	_	_	_	_
120-4	TO050	120	120	4	vengono	vengono	_	_	_	_	_	linguistic	_	none	_	_	_	_	_	_
120-5	TO050	120	120	5	da	da	_	_	_	_	_	linguistic	_	none	_	_	_	_	_	_
120-6	TO050	120	120	6	agropoli	agropoli	_	_	_	_	_	linguistic	_	none	_	_	_	_	_	_
120-7	TO050	120	120	7	i	i	_	_	_	_	_	linguistic	_	none	_	_	_	_	_	_
120-8	TO050	120	120	8	cafoni.	cafoni	_	_	_	_	_	linguistic	_	none	Intonation=Falling	End=361.088	_	_	_	_
121-0	TO049	121	121	0	ah	ah	_	_	_	_	_	linguistic	_	none	ProsodicLink=Yes	Begin=361.495	_	_	_	_
121-1	TO049	121	121	1	[m:h].	mh	_	_	_	_	_	linguistic	_	none	Intonation=Falling	End=362.164	0x1	_	_	0-2(26)
122-0	TO050	122	122	0	[gli	gli	_	_	_	_	_	linguistic	_	none	_	Begin=361.935	_	_	_	0-3(26)
122-1	TO050	122	122	1	chia]miamo	chiamiamo	_	_	_	_	_	linguistic	_	none	_	_	_	_	_	0-4(26)
122-2	TO050	122	122	2	mao	mao	_	_	_	_	_	linguistic	_	none	_	_	_	_	_	_
122-3	TO050	122	122	3	mao.	mao	_	_	_	_	_	linguistic	_	none	Intonation=Falling	End=362.99	_	_	_	_
123-0	TO049	123	123	0	perché?	perché	_	_	_	_	_	linguistic	_	none	Intonation=Rising	Begin=363.171|End=363.631	_	_	_	_
124-0	TO050	124	124	0	eh	eh	_	_	_	_	_	linguistic	_	none	_	Begin=363.63	_	_	_	_
124-1	TO050	124	124	1	non	non	_	_	_	_	_	linguistic	_	none	_	_	_	_	_	_
124-2	TO050	124	124	2	lo	lo	_	_	_	_	_	linguistic	_	none	_	_	_	_	_	_
124-3	TO050	124	124	3	so	so	_	_	_	_	_	linguistic	_	none	_	_	_	_	_	_
124-4	TO050	124	124	4	e::h	eh	_	_	_	_	_	linguistic	_	none	ProsodicLink=Yes	_	0x2	_	_	_
124-5	TO050	124	124	5	mh	mh	_	_	_	_	_	linguistic	_	none	_	_	_	_	_	_
124-6	TO050	124	124	6	si	si	_	_	_	_	_	linguistic	_	none	_	_	_	_	_	_
124-7	TO050	124	124	7	dice	dice	_	_	_	_	_	linguistic	_	none	_	_	_	_	_	_
124-8	TO050	124	124	8	a	a	_	_	_	_	_	linguistic	_	none	_	_	_	_	_	_
124-9	TO050	124	124	9	xxxxx	xxxxx	_	_	_	_	_	unknown	_	none	Syllables=5	_	_	_	_	_
124-10	TO050	124	124	10	che	che	_	_	_	_	_	linguistic	_	none	_	_	_	_	_	_
124-11	TO050	124	124	11	stanno	stanno	_	_	_	_	_	linguistic	_	none	_	_	_	_	_	_
124-12	TO050	124	124	12	xx	xx	_	_	_	_	_	unknown	_	none	Syllables=2	_	_	_	_	_
124-13	TO050	124	124	13	[x	x	_	_	_	_	_	unknown	_	none	Syllables=1	_	_	_	_	0-1(28)
124-14	TO050	124	124	14	'sta	'sta	_	_	_	_	_	linguistic	_	none	Truncated=Yes	_	_	_	_	0-4(28)
124-15	TO050	124	124	15	cosa].	cosa	_	_	_	_	_	linguistic	_	none	Intonation=Falling	End=368.155	_	_	_	0-4(28)
125-0	TO048	125	125	0	[tipo	tipo	_	_	_	_	_	linguistic	_	none	_	Begin=366.943	_	_	_	0-4(28)
125-1	TO048	125	125	1	i	i	_	_	_	_	_	linguistic	_	none	_	_	_	_	_	0-1(28)
125-2	TO048	125	125	2	xxx	xxx	_	_	_	_	_	unknown	_	none	Syllables=3	_	_	_	_	0-3(28)
125-3	TO048	125	125	3	x]xx,	xxx	_	_	_	_	_	linguistic	_	none	Intonation=WeaklyRising	End=368.519	_	_	_	0-1(28)
126-0	TO050	126	126	0	sì.	sì	_	_	_	_	_	linguistic	_	none	Intonation=Falling	Begin=368.971|End=369.335	_	_	_	_
127-0	TO050	127	127	0	che	che	_	_	_	_	_	linguistic	_	none	_	Begin=369.64	_	_	_	_
127-1	TO050	127	127	1	sono	sono	_	_	_	_	_	linguistic	_	none	_	_	_	_	_	_
127-2	TO050	127	127	2	i	i	_	_	_	_	_	linguistic	_	none	_	_	_	_	_	_
127-3	TO050	127	127	3	cin	cin	_	_	_	_	_	linguistic	_	none	_	_	_	_	_	_
127-4	TO050	127	127	4	xx	xx	_	_	_	_	_	unknown	_	none	Syllables=2	_	_	_	_	_
127-5	TO050	127	127	5	[xx].	xx	_	_	_	_	_	linguistic	_	none	Intonation=Falling	End=371.366	_	_	_	0-2(1)
128-0	TO048	128	128	0	[i	i	_	_	_	_	_	linguistic	_	none	_	Begin=370.833	_	_	_	0-1(1)
128-1	TO048	128	128	1	catanes]i	catanesi	_	_	_	_	_	linguistic	_	none	_	_	_	_	_	0-7(1)
128-2	TO048	128	128	2	sono	sono	_	_	_	_	_	linguistic	_	none	_	_	_	_	_	_
128-3	TO048	128	128	3	i	i	_	_	_	_	_	linguistic	_	none	_	_	_	_	_	_
128-4	TO048	128	128	4	xxx	xxx	_	_	_	_	_	unknown	_	none	Syllables=3	_	_	_	_	_
128-5	TO048	128	128	5	[xxx].	xxx	_	_	_	_	_	linguistic	_	none	Intonation=Falling	End=373.018	_	_	_	0-3(0)
129-0	TO050	129	129	0	[sì	sì	_	_	_	_	_	linguistic	_	none	_	Begin=372.191	_	_	_	0-2(0)
129-1	TO050	129	129	1	ah	ah	_	_	_	_	_	linguistic	_	none	_	_	_	_	_	0-2(0)
129-2	TO050	129	129	2	ve]ro	vero	_	_	_	_	_	linguistic	_	none	_	_	_	_	_	0-2(0)
129-3	TO050	129	129	3	della:	della	_	_	_	_	_	linguistic	_	none	_	_	4x1	_	_	_
129-4	TO050	129	129	4	[xx].	xx	_	_	_	_	_	linguistic	_	none	Intonation=Falling	End=374.027	_	_	_	0-2(2)
130-0	TO048	130	130	0	[a:]::h,	ah	_	_	_	_	_	linguistic	_	none	Intonation=WeaklyRising	Begin=373.596|End=374.504	0x3	_	_	0-1(2)
131-0	TO050	131	131	0	mao	mao	_	_	_	_	_	linguistic	_	none	_	Begin=374.76	_	_	_	_
131-1	TO050	131	131	1	mao.	mao	_	_	_	_	_	linguistic	_	none	Intonation=Falling	End=375.406	_	_	_	_
132-0	TO050	132	132	0	infatti	infatti	_	_	_	_	_	linguistic	_	none	_	Begin=375.87	_	_	_	_
132-1	TO050	132	132	1	cioè	cioè	_	_	_	_	_	linguistic	_	none	_	_	_	_	_	_
132-2	TO050	132	132	2	noi	noi	_	_	_	_	_	linguistic	_	none	_	_	_	_	_	_
132-3	TO050	132	132	3	ci	ci	_	_	_	_	_	linguistic	_	none	_	_	_	_	_	_
132-4	TO050	132	132	4	riferiamo	riferiamo	_	_	_	_	_	linguistic	_	none	_	_	_	_	_	_
132-5	TO050	132	132	5	noi	noi	_	_	_	_	_	linguistic	_	none	_	_	_	_	_	_
132-6	TO050	132	132	6	locali	locali	_	_	_	_	_	linguistic	_	none	_	_	_	_	_	_
132-7	TO050	132	132	7	ci	ci	_	_	_	_	_	linguistic	_	none	_	_	_	_	_	_
132-8	TO050	132	132	8	riferiamo	riferiamo	_	_	_	_	_	linguistic	_	none	_	_	_	_	_	_
132-9	TO050	132	132	9	ai	ai	_	_	_	_	_	linguistic	_	none	_	_	_	_	_	_
132-10	TO050	132	132	10	napulicchi	napulicchi	_	_	_	_	_	linguistic	_	none	_	_	_	_	_	_
132-11	TO050	132	132	11	come	come	_	_	_	_	_	linguistic	_	none	_	_	_	_	_	_
132-12	TO050	132	132	12	mao	mao	_	_	_	_	_	linguistic	_	none	_	_	_	_	_	_
132-13	TO050	132	132	13	mao.	mao	_	_	_	_	_	linguistic	_	none	Intonation=Falling	End=379.726	_	_	_	_
133-0	TO049	133	133	0	°ah.°	ah	_	_	_	_	_	linguistic	_	none	Intonation=Falling|Volume=low	Begin=380.86|End=381.25	_	_	_	_
134-0	TO050	134	134	0	e:h,	eh	_	_	_	_	_	linguistic	_	none	Intonation=WeaklyRising	Begin=382.291|End=382.697	0x1	_	_	_
135-0	TO048	135	135	0	xxx	xxx	_	_	_	_	_	unknown	_	none	Syllables=3	Begin=382.851	_	_	_	_
135-1	TO048	135	135	1	xxx.	xxx	_	_	_	_	_	linguistic	_	none	Intonation=Falling	End=384.192	_	_	_	_
136-0	TO048	136	136	0	quelli	quelli	_	_	_	_	_	linguistic	_	none	_	Begin=384.943	_	_	_	_
136-1	TO048	136	136	1	della	della	_	_	_	_	_	linguistic	_	none	_	_	_	_	_	_
136-2	TO048	136	136	2	città	città	_	_	_	_	_	linguistic	_	none	_	_	_	_	_	_
136-3	TO048	136	136	3	che	che	_	_	_	_	_	linguistic	_	none	_	_	_	_	_	_
136-4	TO048	136	136	4	vanno	vanno	_	_	_	_	_	linguistic	_	none	_	_	_	_	_	_
136-5	TO048	136	136	5	nei	nei	_	_	_	_	_	linguistic	_	none	_	_	_	_	_	_
136-6	TO048	136	136	6	paesi.	paesi	_	_	_	_	_	linguistic	_	none	Intonation=Falling	End=386.954	_	_	_	_
137-0	TO050	137	137	0	esatto.	esatto	_	_	_	_	_	linguistic	_	none	Intonation=Falling	Begin=387.171|End=387.871	_	_	_	_
138-0	TO049	138	138	0	xxx	xxx	_	_	_	_	_	unknown	_	none	Syllables=3	Begin=391.686|End=392.701	_	_	_	_
139-0	TO050	139	139	0	mao	mao	_	_	_	_	_	linguistic	_	none	_	Begin=393.511	_	_	_	_
139-1	TO050	139	139	1	mao	mao	_	_	_	_	_	linguistic	_	none	_	_	_	_	_	_
139-2	TO050	139	139	2	xx	xx	_	_	_	_	_	unknown	_	none	Syllables=2	_	_	_	_	_
139-3	TO050	139	139	3	per	per	_	_	_	_	_	linguistic	_	none	_	_	_	_	_	_
139-4	TO050	139	139	4	un	un	_	_	_	_	_	linguistic	_	none	_	_	_	_	_	_
139-5	TO050	139	139	5	mao	mao	_	_	_	_	_	linguistic	_	none	_	_	_	_	_	_
139-6	TO050	139	139	6	mao	mao	_	_	_	_	_	linguistic	_	none	_	_	_	_	_	_
139-7	TO050	139	139	7	io	io	_	_	_	_	_	linguistic	_	none	_	_	_	_	_	_
139-8	TO050	139	139	8	sto	sto	_	_	_	_	_	linguistic	_	none	_	_	_	_	_	_
139-9	TO050	139	139	9	a	a	_	_	_	_	_	linguistic	_	none	_	_	_	_	_	_
139-10	TO050	139	139	10	pensare.	pensare	_	_	_	_	_	linguistic	_	none	Intonation=Falling	End=398.302	_	_	_	_
140-0	TO049	140	140	0	si	si	_	_	_	_	_	linguistic	_	none	_	Begin=404.841	_	_	_	_
140-1	TO049	140	140	1	è	è	_	_	_	_	_	linguistic	_	none	_	_	_	_	_	_
140-2	TO049	140	140	2	fatta	fatta	_	_	_	_	_	linguistic	_	none	_	_	_	_	_	_
140-3	TO049	140	140	3	una	una	_	_	_	_	_	linguistic	_	none	_	_	_	_	_	_
140-4	TO049	140	140	4	certa.	certa	_	_	_	_	_	linguistic	_	none	Intonation=Falling	End=405.944	_	_	_	_
141-0	TO049	141	141	0	stiamo	stiamo	_	_	_	_	_	linguistic	_	none	_	Begin=408.456	_	_	_	_
141-1	TO049	141	141	1	chiudendo	chiudendo	_	_	_	_	_	linguistic	_	none	_	_	_	_	_	_
141-2	TO049	141	141	2	qua?	qua	_	_	_	_	_	linguistic	_	none	Intonation=Rising	End=409.638	_	_	_	_
142-0	TO050	142	142	0	xxx	xxx	_	_	_	_	_	unknown	_	none	Syllables=3	Begin=410.145|End=412.031	_	_	_	_
143-0	TO050	143	143	0	devo:	devo	_	_	_	_	_	linguistic	_	none	_	Begin=415.128	3x1	_	_	_
143-1	TO050	143	143	1	vedere	vedere	_	_	_	_	_	linguistic	_	none	_	_	_	_	_	_
143-2	TO050	143	143	2	il	il	_	_	_	_	_	linguistic	_	none	_	_	_	_	_	_
143-3	TO050	143	143	3	computer	computer	_	_	_	_	_	linguistic	_	none	_	_	_	_	_	_
143-4	TO050	143	143	4	se	se	_	_	_	_	_	linguistic	_	none	_	_	_	_	_	_
143-5	TO050	143	143	5	è	è	_	_	_	_	_	linguistic	_	none	_	_	_	_	_	_
143-6	TO050	143	143	6	carico.	carico	_	_	_	_	_	linguistic	_	none	Intonation=Falling	End=417.081	_	_	_	_
144-0	TO050	144	144	0	sarà	sarà	_	_	_	_	_	linguistic	_	none	_	Begin=418.275	_	_	_	_
144-1	TO050	144	144	1	il	il	_	_	_	_	_	linguistic	_	none	_	_	_	_	_	_
144-2	TO050	144	144	2	computer	computer	_	_	_	_	_	linguistic	_	none	_	_	_	_	_	_
144-3	TO050	144	144	3	come	come	_	_	_	_	_	linguistic	_	none	_	_	_	_	_	_
144-4	TO050	144	144	4	sempre	sempre	_	_	_	_	_	linguistic	_	none	_	_	_	_	_	_
144-5	TO050	144	144	5	a	a	_	_	_	_	_	linguistic	_	none	_	_	_	_	_	_
144-6	TO050	144	144	6	decide:re	decidere	_	_	_	_	_	linguistic	_	none	_	_	5x1	_	_	_
144-7	TO050	144	144	7	che	che	_	_	_	_	_	linguistic	_	none	_	_	_	_	_	_
144-8	TO050	144	144	8	cosa	cosa	_	_	_	_	_	linguistic	_	none	_	_	_	_	_	_
144-9	TO050	144	144	9	farò	farò	_	_	_	_	_	linguistic	_	none	_	_	_	_	_	_
144-10	TO050	144	144	10	oggi.	oggi	_	_	_	_	_	linguistic	_	none	Intonation=Falling	End=421.281	_	_	_	_
145-0	TO050	145	145	0	e	e	_	_	_	_	_	linguistic	_	none	_	Begin=422.632	_	_	_	_
145-1	TO050	145	145	1	la	la	_	_	_	_	_	linguistic	_	none	_	_	_	_	_	_
145-2	TO050	145	145	2	connessione	connessione	_	_	_	_	_	linguistic	_	none	_	_	_	_	_	_
145-3	TO050	145	145	3	internet.	internet	_	_	_	_	_	linguistic	_	none	Intonation=Falling	End=424.023	_	_	_	_
146-0	TO050	146	146	0	e	e	_	_	_	_	_	linguistic	_	none	_	Begin=424.831	_	_	_	_
146-1	TO050	146	146	1	oppure	oppure	_	_	_	_	_	linguistic	_	none	_	_	_	_	_	_
146-2	TO050	146	146	2	possiamo	possiamo	_	_	_	_	_	linguistic	_	none	_	_	_	_	_	_
146-3	TO050	146	146	3	stare	stare	_	_	_	_	_	linguistic	_	none	_	_	_	_	_	_
146-4	TO050	146	146	4	qua	qua	_	_	_	_	_	linguistic	_	none	_	_	_	_	_	_
146-5	TO050	146	146	5	in	in	_	_	_	_	_	linguistic	_	none	_	_	_	_	_	_
146-6	TO050	146	146	6	realtà.	realtà	_	_	_	_	_	linguistic	_	none	Intonation=Falling	End=427.055	_	_	_	_
147-0	TO048	147	147	0	potremmo.	potremmo	_	_	_	_	_	linguistic	_	none	Intonation=Falling	Begin=429.161|End=430.006	_	_	_	_
148-0	TO048	148	148	0	io	io	_	_	_	_	_	linguistic	_	none	_	Begin=434.125	_	_	_	_
148-1	TO048	148	148	1	prendo	prendo	_	_	_	_	_	linguistic	_	none	_	_	_	_	_	_
148-2	TO048	148	148	2	dellacqua.	dellacqua	_	_	_	_	_	linguistic	_	none	Intonation=Falling	End=435.28	_	_	_	_
